source_row,state,district,fds_name,latitude_raw,longitude_raw,team,mode,named_kk,reported_kk_distance_km,fds_id,latitude,longitude,coordinate_precision_review,valid_coordinates,kk_key,kk_id,match_method,kk_name,latitude_kk,longitude_kk,valid_coordinates_kk,nearest_nadi_id,nearest_nadi_name,nadi_longitude,nadi_latitude,nearest_nadi_km,nearest_nadi_status,distance_band_original_1_3km,distance_band,nadi_within_5km,nadi_within_10km,nearest_open_nadi_id,nearest_open_nadi_name,nearest_open_nadi_km,nearest_listed_nadi_id,nearest_listed_nadi_name,nearest_listed_nadi_status,nearest_listed_nadi_km,named_kk_distance_km,geographic_nearest_kk_id,geographic_nearest_kk_name,geographic_nearest_kk_km,site_group,site_id,candidates_within_10km,candidates_within_5km,nearest_mapped_road_km,nearest_track_km,nearest_waterway_km,nearest_river_km,mapped_road_length_10km_km,mapped_track_length_10km_km,mapped_waterway_length_10km_km,nearest_candidate,nearest_candidate_km,site_map,dem_grid_m,local_epsg,dem_coverage_pct,fds_elevation_m,fds_slope_deg,elevation_min_10km_m,elevation_max_10km_m,relief_10km_m,slope_mean_10km_deg,slope_p90_10km_deg,pct_slope_over15deg_10km,pct_slope_over30deg_10km,relief_5km_m,slope_mean_5km_deg,pct_slope_over15deg_5km
3,SARAWAK,SRI AMAN,NANGA BAWI,1.35175,111.873,FDS (P) PKD SRI AMAN 1,Udara,KK Patoh,70,F001,1.35175,111.873,,TRUE,PATOH,K0408,documented name alias,Klinik Kesihatan Nanga Patoh,1.335922,111.83277,TRUE,Q149,Engkilili,111.666259,1.138464,33.02560546981243,OPEN,red,red,0,0,Q149,Engkilili,33.02560546981243,Q149,Engkilili,OPEN,33.02560546981243,4.806006526498414,K0408,Klinik Kesihatan Nanga Patoh,4.806006526498414,1,S001,4,1,4.796749032577367,0.04503765882373583,0.03163505441335187,0.03163505441335187,31.891300839023437,247.4604342364566,73.02170070345622,Klinik Kesihatan Nanga Patoh,4.806006526498423,site_maps/S001.png,40,32649,100,153.21958923339844,8.613553512901746,58.25749969482422,877.154296875,818.8967971801758,16.670781769589272,26.239723405557612,58.366208610111045,3.606307996551899,639.2737503051758,16.43604616533503,57.89388743191446
4,SARAWAK,SRI AMAN,(+ RH. DASU),1.35175,111.873,FDS (P) PKD SRI AMAN 1,Udara,KK Patoh,70,F002,1.35175,111.873,,TRUE,PATOH,K0408,documented name alias,Klinik Kesihatan Nanga Patoh,1.335922,111.83277,TRUE,Q149,Engkilili,111.666259,1.138464,33.02560546981243,OPEN,red,red,0,0,Q149,Engkilili,33.02560546981243,Q149,Engkilili,OPEN,33.02560546981243,4.806006526498414,K0408,Klinik Kesihatan Nanga Patoh,4.806006526498414,1,S001,4,1,4.796749032577367,0.04503765882373583,0.03163505441335187,0.03163505441335187,31.891300839023437,247.4604342364566,73.02170070345622,Klinik Kesihatan Nanga Patoh,4.806006526498423,site_maps/S001.png,40,32649,100,153.21958923339844,8.613553512901746,58.25749969482422,877.154296875,818.8967971801758,16.670781769589272,26.239723405557612,58.366208610111045,3.606307996551899,639.2737503051758,16.43604616533503,57.89388743191446
5,SARAWAK,SRI AMAN,(+ RH. CHENDAN),1.35175,111.873,FDS (P) PKD SRI AMAN 1,Udara,KK Patoh,70,F003,1.35175,111.873,,TRUE,PATOH,K0408,documented name alias,Klinik Kesihatan Nanga Patoh,1.335922,111.83277,TRUE,Q149,Engkilili,111.666259,1.138464,33.02560546981243,OPEN,red,red,0,0,Q149,Engkilili,33.02560546981243,Q149,Engkilili,OPEN,33.02560546981243,4.806006526498414,K0408,Klinik Kesihatan Nanga Patoh,4.806006526498414,1,S001,4,1,4.796749032577367,0.04503765882373583,0.03163505441335187,0.03163505441335187,31.891300839023437,247.4604342364566,73.02170070345622,Klinik Kesihatan Nanga Patoh,4.806006526498423,site_maps/S001.png,40,32649,100,153.21958923339844,8.613553512901746,58.25749969482422,877.154296875,818.8967971801758,16.670781769589272,26.239723405557612,58.366208610111045,3.606307996551899,639.2737503051758,16.43604616533503,57.89388743191446
6,SARAWAK,SRI AMAN,(+ RH. BAKAR),1.35175,111.873,FDS (P) PKD SRI AMAN 1,Udara,KK Patoh,70,F004,1.35175,111.873,,TRUE,PATOH,K0408,documented name alias,Klinik Kesihatan Nanga Patoh,1.335922,111.83277,TRUE,Q149,Engkilili,111.666259,1.138464,33.02560546981243,OPEN,red,red,0,0,Q149,Engkilili,33.02560546981243,Q149,Engkilili,OPEN,33.02560546981243,4.806006526498414,K0408,Klinik Kesihatan Nanga Patoh,4.806006526498414,1,S001,4,1,4.796749032577367,0.04503765882373583,0.03163505441335187,0.03163505441335187,31.891300839023437,247.4604342364566,73.02170070345622,Klinik Kesihatan Nanga Patoh,4.806006526498423,site_maps/S001.png,40,32649,100,153.21958923339844,8.613553512901746,58.25749969482422,877.154296875,818.8967971801758,16.670781769589272,26.239723405557612,58.366208610111045,3.606307996551899,639.2737503051758,16.43604616533503,57.89388743191446
7,SARAWAK,SRI AMAN,(+ RH. LUTA),1.35175,111.873,FDS (P) PKD SRI AMAN 1,Udara,KK Patoh,70,F005,1.35175,111.873,,TRUE,PATOH,K0408,documented name alias,Klinik Kesihatan Nanga Patoh,1.335922,111.83277,TRUE,Q149,Engkilili,111.666259,1.138464,33.02560546981243,OPEN,red,red,0,0,Q149,Engkilili,33.02560546981243,Q149,Engkilili,OPEN,33.02560546981243,4.806006526498414,K0408,Klinik Kesihatan Nanga Patoh,4.806006526498414,1,S001,4,1,4.796749032577367,0.04503765882373583,0.03163505441335187,0.03163505441335187,31.891300839023437,247.4604342364566,73.02170070345622,Klinik Kesihatan Nanga Patoh,4.806006526498423,site_maps/S001.png,40,32649,100,153.21958923339844,8.613553512901746,58.25749969482422,877.154296875,818.8967971801758,16.670781769589272,26.239723405557612,58.366208610111045,3.606307996551899,639.2737503051758,16.43604616533503,57.89388743191446
8,SARAWAK,SRI AMAN,"RH. LIDOM, SG PAYA, MENJUAU",1.56899722222222,111.822083333333,FDS (P) PKD SRI AMAN 1,Udara,KK KARA,50,F006,1.56899722222222,111.822083333333,,TRUE,KARA,NA,unmatched,NA,NA,NA,NA,Q93,Paku Penom,111.587942,1.619842,26.63230823609008,OPEN,red,red,0,0,Q93,Paku Penom,26.63230823609008,Q93,Paku Penom,OPEN,26.63230823609008,NA,K0293,Klinik Kesihatan Kemalih,8.990219101263055,2,S002,1,0,4.199951982882518,0.018526883663218766,0.06490164402108994,1.1854689300364414,66.46819779753464,58.84830980559056,61.86028799958498,Klinik Kesihatan Kemalih,8.99021910126303,site_maps/S002.png,40,32649,100,159.09178161621094,6.832929787530322,93.2596435546875,827.833984375,734.5743408203125,15.816324248366564,25.385201936266224,52.98940323480201,3.255589920397505,504.1258087158203,16.08862973201439,55.26294547362474
9,SARAWAK,SRI AMAN,"RH. RIMONG, BEGANTONG, ULU SKRANG",1.51869444444444,111.792,FDS (P) PKD SRI AMAN 1,Udara,KK SKRANG,105,F007,1.51869444444444,111.792,,TRUE,SKRANG,K0492,exact normalized name,Klinik Kesihatan Skrang,1.280156,111.62453,TRUE,Q93,Paku Penom,111.587942,1.619842,25.317162857038813,OPEN,red,red,0,0,Q93,Paku Penom,25.317162857038813,Q93,Paku Penom,OPEN,25.317162857038813,32.40531686084838,K0392,Klinik Kesihatan Nanga Entalau,6.918751200952197,3,S003,1,0,5.581821860401849,0.08919913265496232,2.272614611678805,2.573149687937224,55.40556573411573,71.56379806960756,55.88309408947414,Klinik Kesihatan Nanga Entalau,6.918751200952197,site_maps/S003.png,40,32649,100,246.309326171875,18.91370367470877,66.958648681640625,826.12750244140625,759.1688537597656,16.123885989698515,25.44408574436233,55.20054350305974,3.337575225994859,736.2140884399414,17.40771780680365,61.060554087047755
10,SARAWAK,SRI AMAN,"RH. BADA, NG. TALONG, ULU ENGKARI",1.38835833333333,111.9835,FDS (P) PKD SRI AMAN 1,Udara,KK STAMANG,60,F008,1.38835833333333,111.9835,,TRUE,STAMANG,K0411,documented name alias,Klinik Kesihatan Nanga Stamang,1.31299,111.94352,TRUE,Q154,Lubok Antu,111.83647,1.04125,41.91513065932925,OPEN,red,red,0,0,Q154,Lubok Antu,41.91513065932925,Q154,Lubok Antu,OPEN,41.91513065932925,9.486120321451166,K0411,Klinik Kesihatan Nanga Stamang,9.486120321451166,4,S004,1,0,NA,1.4972767867737478,0.0442688731589985,0.0442688731589985,0,67.7376570181206,30.211964587171487,Klinik Kesihatan Nanga Stamang,9.486120321451185,site_maps/S004.png,40,32649,100,261.04986572265625,7.191005699264812,136.83251953125,1282.4991455078125,1145.6666259765625,20.45887428823594,30.235809323150153,75.554710475611,10.584119257681776,703.2003021240234,19.89899625230233,73.90611446208469
11,SARAWAK,SRI AMAN,"RH. MAMUT, LANGGIR, ULU LINGGA",1.28430555555556,111.161222222222,FDS (P) PKD SRI AMAN 1,Udara,KK LINGGA,45,F009,1.28430555555556,111.161222222222,,TRUE,LINGGA,K0324,exact normalized name,Klinik Kesihatan Lingga,1.35271,111.1676,TRUE,Q134,Lingga,111.168268,1.35401,7.790267400144805,OPEN,red,yellow,0,1,Q134,Lingga,7.790267400144805,Q134,Lingga,OPEN,7.790267400144805,7.639210701982383,K0324,Klinik Kesihatan Lingga,7.639210701982383,5,S005,6,0,3.996797378595613,4.848526022926861,2.6476972765470816,2.6476972765470816,33.54586591408856,13.348588699733819,54.76371933982393,Pos Malaysia Lingga,7.589340902120279,site_maps/S005.png,40,32649,100,10.58346176147461,7.081656720533408,-63.310523986816406,533,596.3105239868164,4.235307997269355,11.381764192782258,6.795146758336756,0.39193019282154246,536.19358253479,6.769366210855246,16.604808778441182
12,SARAWAK,SRI AMAN,"RH.THOMAS,BANGAI",1.41914722222222,111.869666666667,FDS (P) PKD SRI AMAN 1,Udara,KK ENGKELILI,150,F010,1.41914722222222,111.869666666667,,TRUE,ENGKELILI,K0219,documented name alias,Klinik Kesihatan Engkilili,1.137979,111.638972,TRUE,Q126,Kampung Baru Hulu,111.532168,1.417356,37.51723052450587,OPEN,red,red,0,0,Q126,Kampung Baru Hulu,37.51723052450587,Q126,Kampung Baru Hulu,OPEN,37.51723052450587,40.43727142470371,K0392,Klinik Kesihatan Nanga Entalau,9.765586924491437,6,S006,1,0,2.8112953922007446,0.031880096506390725,0.010165026353009976,0.010165026353009976,45.17398005687025,99.87805830902536,48.41982347098573,Klinik Kesihatan Nanga Entalau,9.765586924491437,site_maps/S006.png,40,32649,100,172.8697509765625,13.73298132571899,82.42656707763672,1075.40869140625,992.9821243286132,17.94443262406535,27.969267073655587,64.14978576680272,6.245975204725807,692.4693069458008,17.452820096266098,62.44478063540091
13,SARAWAK,SRI AMAN,"RH.MUNGGU SAWA,PANTU",1.23119444444444,111.172830555556,FDS (P) PKD SRI AMAN 1,Udara,KK PANTU,45,F011,1.23119444444444,111.172830555556,,TRUE,PANTU,K0435,exact normalized name,Klinik Kesihatan Pantu,1.142232,111.117207,TRUE,Q134,Lingga,111.168268,1.35401,13.665903719666824,OPEN,red,red,0,0,Q134,Lingga,13.665903719666824,Q134,Lingga,OPEN,13.665903719666824,11.665934154787287,K0435,Klinik Kesihatan Pantu,11.665934154787287,7,S007,0,0,1.0740402798399713,0.005429973185420724,3.1033659053621165,3.1033659053621165,31.20975959606736,40.2818689768736,59.13239936704523,NA,NA,site_maps/S007.png,40,32649,100,13.43216609954834,3.788649712065436,-3.6412031650543217,533,536.6412031650543,4.3735992609434495,11.634082384222427,6.708884505985367,0.3721524506796599,533.3381166756153,6.157890702453689,13.74919276719406
14,SARAWAK,SARIKEI,SK KOTA,1.67161666666667,111.6612,FDS (P) PKD SARIKEI,Udara,KLINIK KESIHATAN NANGA KARA,NA,F012,1.67161666666667,111.6612,,TRUE,NANGAKARA,K0397,exact normalized name,Klinik Kesihatan Nanga Kara,1.91616,111.73739,TRUE,Q93,Paku Penom,111.587942,1.619842,9.972237911755162,OPEN,red,yellow,0,1,Q93,Paku Penom,9.972237911755162,Q93,Paku Penom,OPEN,9.972237911755162,28.479985299863245,K0416,Klinik Kesihatan Nanga Tiga,8.131896275285609,8,S008,3,1,0.03367617717562959,0.5613945009210439,0.7008122281515435,3.9660490757671645,120.91482819007501,22.149739713159022,12.72111889159877,SK KOTA,2.2103881225365996e-14,site_maps/S008.png,40,32649,100,125.2329330444336,2.898486854683254,54.748348236083984,557.5760498046875,502.8277015686035,12.74843650809771,22.912556384474847,36.335010039957,1.849786017078068,463.78150939941406,15.487457491220963,50.10689363075309
15,SARAWAK,SARIKEI,RH UMAR,1.80005,111.793716666667,FDS (P) PKD SARIKEI,Udara,KK PAKAN,NA,F013,1.80005,111.793716666667,,TRUE,PAKAN,K0430,exact normalized name,Klinik Kesihatan Pakan,1.88636,111.6765,TRUE,Q77,Pekan Pakan,111.67775,1.890467,16.345889754490287,OPEN,red,red,0,0,Q77,Pekan Pakan,16.345889754490287,Q77,Pekan Pakan,OPEN,16.345889754490287,16.180681511819017,K0391,Klinik Kesihatan Nanga Entaih,12.749435955090128,9,S009,0,0,0.01433616177372814,3.269609510651297,5.006868426008016,5.006868426008016,130.82409398284858,4.619790384204883,37.176088749839714,NA,NA,site_maps/S009.png,40,32649,100,136.96530151367188,7.585728391076225,47.15465545654297,423.4522705078125,376.29761505126953,11.334405380714683,20.281407176620014,28.30575160217409,0.27581731159243933,321.38861083984375,11.555685578620702,29.2729180116204
16,SARAWAK,SARIKEI,RH BARAK,1.85821666666667,111.815716666667,FDS (P) PKD SARIKEI,Udara,KK SEKALONG,NA,F014,1.85821666666667,111.815716666667,,TRUE,SEKALONG,K0467,exact normalized name,Klinik Kesihatan Sekalong,1.90385,111.85042,TRUE,Q80,Nanga Meluan,111.92876,1.86330999999999,12.575995823757205,OPEN,red,red,0,0,Q80,Nanga Meluan,12.575995823757205,Q80,Nanga Meluan,OPEN,12.575995823757205,6.373550345061017,K0467,Klinik Kesihatan Sekalong,6.373550345061017,10,S010,1,0,0.01257580485162248,5.739421729057684,7.425938028841486,7.425938028841486,128.5294719403836,15.176810596070856,11.780876032154282,Klinik Kesihatan Sekalong,6.373550345061017,site_maps/S010.png,40,32649,100,106.69617462158205,3.300623933789528,24.74506378173828,377.15631103515625,352.41124725341797,11.722712285602086,20.59671274948132,30.943036498423034,0.22260082955571103,234.09778594970703,11.81575250729484,31.41162706257312
17,SARAWAK,SARIKEI,RH TAWIE,1.86088333333333,111.782583333333,FDS (P) PKD SARIKEI,Udara,KK SEKALONG,NA,F015,1.86088333333333,111.782583333333,,TRUE,SEKALONG,K0467,exact normalized name,Klinik Kesihatan Sekalong,1.90385,111.85042,TRUE,Q77,Pekan Pakan,111.67775,1.890467,12.1062040062777,OPEN,red,red,0,0,Q77,Pekan Pakan,12.1062040062777,Q77,Pekan Pakan,OPEN,12.1062040062777,8.925429547007726,K0397,Klinik Kesihatan Nanga Kara,7.937592766668238,11,S011,2,0,0.4230620549588754,6.163412133050312,7.119995470198917,7.119995470198917,155.58128745603128,10.584737999051503,28.73861999461719,Klinik Kesihatan Nanga Kara,7.937592766668238,site_maps/S011.png,40,32649,100,105.18404388427734,4.843703986011317,23.059738159179688,376.8273620605469,353.7676239013672,10.967950377640255,19.88015869275234,26.63576991724809,0.20028800908648384,221.678897857666,10.78481865590578,25.075156871053007
18,SARAWAK,SARIKEI,RH BUGIE,1.89611666666667,111.947716666667,FDS (P) PKD SARIKEI,Udara,KK JULAU,NA,F016,1.89611666666667,111.947716666667,,TRUE,JULAU,K0282,exact normalized name,Klinik Kesihatan Julau,2.02596,111.91293,TRUE,Q80,Nanga Meluan,111.92876,1.86330999999999,4.212586365735702,OPEN,red,green,1,1,Q80,Nanga Meluan,4.212586365735702,Q80,Nanga Meluan,OPEN,4.212586365735702,14.946535052049901,K0467,Klinik Kesihatan Sekalong,10.847103263994612,12,S012,1,0,3.597285222050313,4.338790092221649,3.4140050856027577,3.4140050856027577,63.15654275376746,27.769696334982694,43.178579784543444,Unnamed school,9.781985208310182,site_maps/S012.png,40,32649,100,40.63571548461914,5.388952913354214,14.860881805419922,302.1864013671875,287.3255195617676,12.460229390858403,20.987259740480702,35.78349600709849,0.16782862213208263,235.51874351501465,12.91053837978594,38.60884655742998
19,SARAWAK,SARIKEI,RH ENGGIE,1.60228333333333,111.796166666667,FDS (P) PKD SARIKEI,Udara,KK NANGA TIGA,NA,F017,1.60228333333333,111.796166666667,,TRUE,NANGATIGA,K0416,exact normalized name,Klinik Kesihatan Nanga Tiga,1.60815,111.69755,TRUE,Q93,Paku Penom,111.587942,1.619842,23.22661708023934,OPEN,red,red,0,0,Q93,Paku Penom,23.22661708023934,Q93,Paku Penom,OPEN,23.22661708023934,10.980781263444394,K0293,Klinik Kesihatan Kemalih,5.962028298296796,13,S013,1,0,0.05320124920976523,0.6124186369340058,2.8610086309638625,4.815275263726678,69.57569788248105,44.44271961916581,48.59547232383953,Klinik Kesihatan Kemalih,5.962028298296777,site_maps/S013.png,40,32649,100,229.0936279296875,4.92916954340606,81.585968017578125,827.81622314453125,746.2302551269531,14.038282000900608,23.729633154814643,42.67026325396503,2.2365432198921025,451.01119232177734,14.55017163672018,46.11334153771662
20,SARAWAK,SARIKEI,SK JU,1.71046666666667,112.082883333333,FDS (P) PKD SARIKEI,Udara,KK NANGA MAONG,NA,F018,1.71046666666667,112.082883333333,,TRUE,NANGAMAONG,K0358,documented name alias,Klinik Kesihatan Maong (Mujok),1.73997,112.03309,TRUE,Q80,Nanga Meluan,111.92876,1.86330999999999,24.13009938007504,OPEN,red,red,0,0,Q80,Nanga Meluan,24.13009938007504,Q80,Nanga Meluan,OPEN,24.13009938007504,6.433552339257878,K0358,Klinik Kesihatan Maong (Mujok),6.433552339257878,14,S014,3,1,0.06720499851415165,NA,8.9766776874523,9.522386981642589,29.96975035339191,0,3.9153724280609743,SK JU,1.2751468343171662e-12,site_maps/S014.png,40,32649,100,86.75282287597656,1.2408777407967375,59.79088592529297,758.05059814453125,698.2597122192383,11.922391622888153,20.18043464240639,31.242679754800307,0.3351468105279703,305.9578323364258,12.109496727984451,32.38592810747569
21,SARAWAK,SARIKEI,SK JAMBU,1.67063333333333,111.936366666667,FDS (P) PKD SARIKEI,Udara,KK NANGA ENSIRING,NA,F019,1.67063333333333,111.936366666667,,TRUE,NANGAENSIRING,K0389,exact normalized name,Klinik Kesihatan Nanga Ensiring,1.66321,112.03503,TRUE,Q80,Nanga Meluan,111.92876,1.86330999999999,21.441375176734805,OPEN,red,red,0,0,Q80,Nanga Meluan,21.441375176734805,Q80,Nanga Meluan,OPEN,21.441375176734805,10.997258529966167,K0389,Klinik Kesihatan Nanga Ensiring,10.997258529966167,15,S015,1,1,0.1358539758974132,0.4155545888406751,0.06266209145834796,0.06266209145834796,76.24987604829727,29.46155042739511,57.20725255431615,SK JAMBU,4.420776245073199e-14,site_maps/S015.png,40,32649,100,87.295074462890625,5.917655632333466,46.9961051940918,579.65594482421875,532.659839630127,12.55371883119855,21.451086261932662,33.982497414160264,0.835074127405845,316.6050109863281,10.96815538008316,24.161940705160543
22,SARAWAK,SARIKEI,RH KIROH,1.8095,111.858566666667,FDS (P) PKD SARIKEI,Udara,KK NANGA ENTABAI,NA,F020,1.8095,111.858566666667,,TRUE,NANGAENTABAI,K0390,exact normalized name,Klinik Kesihatan Nanga Entabai,1.792228,111.921208,TRUE,Q80,Nanga Meluan,111.92876,1.86330999999999,9.831533535963738,OPEN,red,yellow,0,1,Q80,Nanga Meluan,9.831533535963738,Q80,Nanga Meluan,OPEN,9.831533535963738,7.22201985592716,K0390,Klinik Kesihatan Nanga Entabai,7.22201985592716,16,S016,1,0,0.015716167886009,1.1839000581216192,1.689345297106889,1.689345297106889,134.81297112577744,11.947989424323664,55.96753254030419,Klinik Kesihatan Nanga Entabai,7.222019855927172,site_maps/S016.png,40,32649,100,82.04942321777344,2.8834230603584334,24.019033432006836,429.1983947753906,405.1793613433838,11.883139677064902,20.746990567906305,31.812028130878556,0.289522920987116,268.06379318237305,11.443365760382166,29.256778566817303
23,SARAWAK,SARIKEI,RH JANTING,1.67596666666667,111.887333333333,FDS (P) PKD SARIKEI,Udara,KK NANGA ENTAIH,NA,F021,1.67596666666667,111.887333333333,,TRUE,NANGAENTAIH,K0391,exact normalized name,Klinik Kesihatan Nanga Entaih,1.68977,111.76232,TRUE,Q80,Nanga Meluan,111.92876,1.86330999999999,21.334412412372117,OPEN,red,red,0,0,Q80,Nanga Meluan,21.334412412372117,Q80,Nanga Meluan,OPEN,21.334412412372117,13.979389967557347,K0293,Klinik Kesihatan Kemalih,7.930764264546659,17,S017,2,0,0.01913743914776117,2.9095632221088468,5.268059317745804,5.268059317745804,82.71373085776145,26.858942036062462,56.011299435785396,SK JAMBU,5.4821126625320105,site_maps/S017.png,40,32649,100,236.70748901367188,1.8977701037657808,63.11534881591797,579.661376953125,516.546028137207,12.428176356181106,21.4572139077131,33.053107665473426,0.9801137804098936,491.0337219238281,11.48260291017245,25.822912464703503
24,SARAWAK,SIBU,RH. GAYUT (RH NGILAH),2.29616666666667,112.6,FDS PKB SIBU,Udara,KK SELANGAU,66,F022,2.29616666666667,112.6,At least one coordinate has <=2 stored decimal places; verify precision,TRUE,SELANGAU,K0470,exact normalized name,Klinik Kesihatan Selangau,2.527674,112.32911,TRUE,Q73,Song,112.552119,2.01037,32.221470836342704,OPEN,red,red,0,0,Q73,Song,32.221470836342704,Q73,Song,OPEN,32.221470836342704,39.602783818459876,K0536,Klinik Kesihatan Tepus,30.983129325436806,18,S018,0,0,7.2502093372969085,2.458817607885434,3.4971122430329578,3.4971122430329578,17.049207740435552,215.47134216069415,8.488852777937998,NA,NA,site_maps/S018.png,40,32649,100,71.01239013671875,1.5081391479572632,52.02703475952149,699.20703125,647.1799964904785,14.447692644290882,23.82542953357129,45.33451641526175,1.9444796552161236,429.1989135742187,13.725562275201856,41.6434596601687
25,SARAWAK,SIBU,NANGA ARAU,2.30819444444444,112.566916666667,FDS PKB SIBU,Udara,KK SELANGAU,63,F023,2.30819444444444,112.566916666667,,TRUE,SELANGAU,K0470,exact normalized name,Klinik Kesihatan Selangau,2.527674,112.32911,TRUE,Q73,Song,112.552119,2.01037,33.157413247581935,OPEN,red,red,0,0,Q73,Song,33.157413247581935,Q73,Song,OPEN,33.157413247581935,35.96651257899334,K0536,Klinik Kesihatan Tepus,27.15031318909396,19,S019,0,0,8.666251927031235,1.1995971677651889,0.38039046475668736,0.38039046475668736,11.0740708149368,207.3934140670164,13.252370112203888,NA,NA,site_maps/S019.png,40,32649,100,88.83294677734375,7.146211168889044,48.271121978759766,684.3154296875,636.0443077087402,14.058243282829013,23.227207769436163,43.296810274455325,1.5859897478539955,435.6140747070313,13.357538117540118,39.91000625517061
26,SARAWAK,SIBU,( + RH BALANG ),2.30819444444444,112.566916666667,FDS PKB SIBU,Udara,KK SELANGAU,63,F024,2.30819444444444,112.566916666667,,TRUE,SELANGAU,K0470,exact normalized name,Klinik Kesihatan Selangau,2.527674,112.32911,TRUE,Q73,Song,112.552119,2.01037,33.157413247581935,OPEN,red,red,0,0,Q73,Song,33.157413247581935,Q73,Song,OPEN,33.157413247581935,35.96651257899334,K0536,Klinik Kesihatan Tepus,27.15031318909396,19,S019,0,0,8.666251927031235,1.1995971677651889,0.38039046475668736,0.38039046475668736,11.0740708149368,207.3934140670164,13.252370112203888,NA,NA,site_maps/S019.png,40,32649,100,88.83294677734375,7.146211168889044,48.271121978759766,684.3154296875,636.0443077087402,14.058243282829013,23.227207769436163,43.296810274455325,1.5859897478539955,435.6140747070313,13.357538117540118,39.91000625517061
27,SARAWAK,SIBU,( + RH SADOM ),2.30819444444444,112.566916666667,FDS PKB SIBU,Udara,KK SELANGAU,63,F025,2.30819444444444,112.566916666667,,TRUE,SELANGAU,K0470,exact normalized name,Klinik Kesihatan Selangau,2.527674,112.32911,TRUE,Q73,Song,112.552119,2.01037,33.157413247581935,OPEN,red,red,0,0,Q73,Song,33.157413247581935,Q73,Song,OPEN,33.157413247581935,35.96651257899334,K0536,Klinik Kesihatan Tepus,27.15031318909396,19,S019,0,0,8.666251927031235,1.1995971677651889,0.38039046475668736,0.38039046475668736,11.0740708149368,207.3934140670164,13.252370112203888,NA,NA,site_maps/S019.png,40,32649,100,88.83294677734375,7.146211168889044,48.271121978759766,684.3154296875,636.0443077087402,14.058243282829013,23.227207769436163,43.296810274455325,1.5859897478539955,435.6140747070313,13.357538117540118,39.91000625517061
28,SARAWAK,SIBU,RH ANSI,2.80586111111111,112.624555555556,FDS PKB SIBU,Udara,KK TATAU,93,F026,2.80586111111111,112.624555555556,,TRUE,TATAU,K0524,exact normalized name,Klinik Kesihatan Tatau,2.88134,112.85431,TRUE,Q32,Balingian,112.543533,2.92915,16.39830806905985,OPEN,red,red,0,0,Q32,Balingian,16.39830806905985,Q32,Balingian,OPEN,16.39830806905985,26.860981371034953,K0504,Klinik Kesihatan Sungai Arip,8.792764844350902,20,S020,1,0,2.089734818116297,0.33399186519054097,4.259817598527953,4.52078435078203,75.36172421261034,129.01675005086122,49.977089157362265,Klinik Kesihatan Sungai Arip,8.792764844350941,site_maps/S020.png,40,32649,100,23.323461532592773,5.550291711343839,1.6345207691192627,167.9906005859375,166.35607981681824,3.591699713458198,8.452109327139832,2.3167843904813576,0.05273486027797356,98.59031343460084,3.0865108988733847,0.5568670177350039
29,SARAWAK,SIBU,RH. ASUN,2.61080555555555,112.426666666667,FDS PKB SIBU,Udara,KK SELANGAU,48,F027,2.61080555555555,112.426666666667,,TRUE,SELANGAU,K0470,exact normalized name,Klinik Kesihatan Selangau,2.527674,112.32911,TRUE,Q48,Tamin,112.210421,2.418641,32.15045132875966,OPEN,red,red,0,0,Q48,Tamin,32.15045132875966,Q48,Tamin,OPEN,32.15045132875966,14.243841902435966,K0470,Klinik Kesihatan Selangau,14.243841902435966,21,S021,0,0,1.1992090192349085,0.052659713126833894,2.249392552844189,NA,87.39715331230049,531.6759978019112,15.626679988329114,NA,NA,site_maps/S021.png,40,32649,100,26.44144058227539,2.1037530843922476,1.388266921043396,202.4681854248047,201.0799185037613,4.046208355605479,8.768186213722718,2.1797439472683484,0.00963366713144885,58.659831523895264,2.593101823024189,0.00201726781247478
30,SARAWAK,SIBU,RH. SELIAU,2.27461111111111,112.429444444444,FDS PKB SIBU,Udara,KK SELANGAU,48,F028,2.27461111111111,112.429444444444,,TRUE,SELANGAU,K0470,exact normalized name,Klinik Kesihatan Selangau,2.527674,112.32911,TRUE,Q64,Kg Nanga Tada,112.3608,2.0866,22.253863008254005,"OPEN AT TEMPORARY LOCATION, 500m distance from NADI (2.0866, 112.3608)",red,red,0,0,Q64,Kg Nanga Tada,22.253863008254005,Q64,Kg Nanga Tada,"OPEN AT TEMPORARY LOCATION, 500m distance from NADI (2.0866, 112.3608)",22.253863008254005,30.266755063875056,K0536,Klinik Kesihatan Tepus,13.767635459498297,22,S022,0,0,9.014897472602334,6.8650875774320355,1.778964888402574,1.778964888402574,6.828307128432851,36.1695732520612,31.08555228622641,NA,NA,site_maps/S022.png,40,32649,100,76.60465240478516,8.915251189647657,34.156192779541016,620.86761474609375,586.7114219665527,13.483465823792187,22.832770972412572,40.905887304090335,1.08659828314429,392.0687828063965,12.98193813355749,38.52050594097356
31,SARAWAK,SIBU,( + RH PENGUANG ),2.27461111111111,112.429444444444,FDS PKB SIBU,Udara,KK SELANGAU,48,F029,2.27461111111111,112.429444444444,,TRUE,SELANGAU,K0470,exact normalized name,Klinik Kesihatan Selangau,2.527674,112.32911,TRUE,Q64,Kg Nanga Tada,112.3608,2.0866,22.253863008254005,"OPEN AT TEMPORARY LOCATION, 500m distance from NADI (2.0866, 112.3608)",red,red,0,0,Q64,Kg Nanga Tada,22.253863008254005,Q64,Kg Nanga Tada,"OPEN AT TEMPORARY LOCATION, 500m distance from NADI (2.0866, 112.3608)",22.253863008254005,30.266755063875056,K0536,Klinik Kesihatan Tepus,13.767635459498297,22,S022,0,0,9.014897472602334,6.8650875774320355,1.778964888402574,1.778964888402574,6.828307128432851,36.1695732520612,31.08555228622641,NA,NA,site_maps/S022.png,40,32649,100,76.60465240478516,8.915251189647657,34.156192779541016,620.86761474609375,586.7114219665527,13.483465823792187,22.832770972412572,40.905887304090335,1.08659828314429,392.0687828063965,12.98193813355749,38.52050594097356
32,SARAWAK,SIBU,( + RH SEMUKAU ),2.27461111111111,112.429444444444,FDS PKB SIBU,Udara,KK SELANGAU,48,F030,2.27461111111111,112.429444444444,,TRUE,SELANGAU,K0470,exact normalized name,Klinik Kesihatan Selangau,2.527674,112.32911,TRUE,Q64,Kg Nanga Tada,112.3608,2.0866,22.253863008254005,"OPEN AT TEMPORARY LOCATION, 500m distance from NADI (2.0866, 112.3608)",red,red,0,0,Q64,Kg Nanga Tada,22.253863008254005,Q64,Kg Nanga Tada,"OPEN AT TEMPORARY LOCATION, 500m distance from NADI (2.0866, 112.3608)",22.253863008254005,30.266755063875056,K0536,Klinik Kesihatan Tepus,13.767635459498297,22,S022,0,0,9.014897472602334,6.8650875774320355,1.778964888402574,1.778964888402574,6.828307128432851,36.1695732520612,31.08555228622641,NA,NA,site_maps/S022.png,40,32649,100,76.60465240478516,8.915251189647657,34.156192779541016,620.86761474609375,586.7114219665527,13.483465823792187,22.832770972412572,40.905887304090335,1.08659828314429,392.0687828063965,12.98193813355749,38.52050594097356
33,SARAWAK,SIBU,RH. KIROH,2.23013888888889,112.210305555555,FDS PKB SIBU,Udara,KK SEKUAU,22,F031,2.23013888888889,112.210305555555,,TRUE,SEKUAU,K0469,exact normalized name,Klinik Kesihatan Sekuau,2.351784,112.128064,TRUE,Q62,Kg Muhibbah,112.14974,2.11688,14.27915044230767,OPEN,red,red,0,0,Q62,Kg Muhibbah,14.27915044230767,Q62,Kg Muhibbah,OPEN,14.27915044230767,16.323499958464378,K0469,Klinik Kesihatan Sekuau,16.323499958464378,23,S023,0,0,4.947357367033744,1.0474667584890434,5.392545829104974,5.392545829104974,82.80504304437723,127.3109251861623,30.788850896736307,NA,NA,site_maps/S023.png,40,32649,100,68.940338134765625,3.193498119050781,6.397895336151123,337.0519104003906,330.6540150642395,8.97768333602641,16.91196564860291,15.502563140468212,0.10445241077178162,213.13892364501953,9.098101689395325,14.28340832509433
34,SARAWAK,SIBU,RH. ENJAH,2.21183333333333,112.222,FDS PKB SIBU,Udara,KK SEKUAU,22,F032,2.21183333333333,112.222,,TRUE,SEKUAU,K0469,exact normalized name,Klinik Kesihatan Sekuau,2.351784,112.128064,TRUE,Q62,Kg Muhibbah,112.14974,2.11688,13.264505781211641,OPEN,red,red,0,0,Q62,Kg Muhibbah,13.264505781211641,Q62,Kg Muhibbah,OPEN,13.264505781211641,18.737667616198067,K0536,Klinik Kesihatan Tepus,18.331682098686997,24,S024,0,0,3.4236237273592094,0.005585896443608063,6.443394876097728,6.443394876097728,88.9873375516628,106.31012353150643,28.585116185526722,NA,NA,site_maps/S024.png,40,32649,100,87.14091491699219,1.844771407970237,5.9749345779418945,338.26422119140625,332.28928661346436,8.879775748464763,16.73187501814551,15.052678544267216,0.07807984424592108,254.337926864624,9.306073705792862,14.479154054163136
35,SARAWAK,SIBU,"RH. ENGKAYAU, ULU MACHAN",1.92888888888889,112.071805555556,FDS PKB SIBU,Udara,KK MACHAN,37,F033,1.92888888888889,112.071805555556,,TRUE,MACHAN,K0355,exact normalized name,Klinik Kesihatan Machan,2.01494,112.02013,TRUE,Q69,Machan,112.020504,2.017603,11.393522474496947,OPEN,red,red,0,0,Q69,Machan,11.393522474496947,Q69,Machan,OPEN,11.393522474496947,11.159465509015567,K0355,Klinik Kesihatan Machan,11.159465509015567,25,S025,0,0,9.728043673009376,1.0996673804390178,7.2168286791064915,7.581919561419914,0.288521404837177,58.8504964100926,16.214915606687217,NA,NA,site_maps/S025.png,40,32649,100,55.99368667602539,14.079520935667684,8.141149520874023,348.4327392578125,340.2915897369385,12.374716241631653,20.367193789135953,34.93172564509505,0.07757873227224557,237.1785831451416,12.909115785374928,38.324524952596114
36,SARAWAK,SIBU,( + RH MANILLA ),1.92888888888889,112.071805555556,FDS PKB SIBU,Udara,KK MACHAN,37,F034,1.92888888888889,112.071805555556,,TRUE,MACHAN,K0355,exact normalized name,Klinik Kesihatan Machan,2.01494,112.02013,TRUE,Q69,Machan,112.020504,2.017603,11.393522474496947,OPEN,red,red,0,0,Q69,Machan,11.393522474496947,Q69,Machan,OPEN,11.393522474496947,11.159465509015567,K0355,Klinik Kesihatan Machan,11.159465509015567,25,S025,0,0,9.728043673009376,1.0996673804390178,7.2168286791064915,7.581919561419914,0.288521404837177,58.8504964100926,16.214915606687217,NA,NA,site_maps/S025.png,40,32649,100,55.99368667602539,14.079520935667684,8.141149520874023,348.4327392578125,340.2915897369385,12.374716241631653,20.367193789135953,34.93172564509505,0.07757873227224557,237.1785831451416,12.909115785374928,38.324524952596114
37,SARAWAK,SIBU,( + RH UBONG ),1.92888888888889,112.071805555556,FDS PKB SIBU,Udara,KK MACHAN,37,F035,1.92888888888889,112.071805555556,,TRUE,MACHAN,K0355,exact normalized name,Klinik Kesihatan Machan,2.01494,112.02013,TRUE,Q69,Machan,112.020504,2.017603,11.393522474496947,OPEN,red,red,0,0,Q69,Machan,11.393522474496947,Q69,Machan,OPEN,11.393522474496947,11.159465509015567,K0355,Klinik Kesihatan Machan,11.159465509015567,25,S025,0,0,9.728043673009376,1.0996673804390178,7.2168286791064915,7.581919561419914,0.288521404837177,58.8504964100926,16.214915606687217,NA,NA,site_maps/S025.png,40,32649,100,55.99368667602539,14.079520935667684,8.141149520874023,348.4327392578125,340.2915897369385,12.374716241631653,20.367193789135953,34.93172564509505,0.07757873227224557,237.1785831451416,12.909115785374928,38.324524952596114
38,SARAWAK,SIBU,RH. JANTING,1.89725,112.174666666667,FDS PKB SIBU,Udara,PKD KANOWIT,43,F036,1.89725,112.174666666667,,TRUE,PKDKANOWIT,NA,unmatched,NA,NA,NA,NA,Q65,Rumah Benjamin,112.14972,2.06721,19.100972893757454,OPEN,red,red,0,0,Q65,Rumah Benjamin,19.100972893757454,Q65,Rumah Benjamin,OPEN,19.100972893757454,NA,K0396,Klinik Kesihatan Nanga Jagau,15.1853827738793,26,S026,0,0,NA,2.0103624406914493,0.16822325875237443,0.16822325875237443,0,44.75925755887241,83.38985741322102,NA,NA,site_maps/S026.png,40,32649,100,67.942718505859375,11.922780472385934,20.882783889770508,301.2493896484375,280.366605758667,13.601044950182096,21.346889830000492,42.40339125716864,0.13538661244441288,261.97836112976074,14.075821182654645,45.751976762949816
39,SARAWAK,SIBU,( + RH TIGONG ),1.89725,112.174666666667,FDS PKB SIBU,Udara,PKD KANOWIT,43,F037,1.89725,112.174666666667,,TRUE,PKDKANOWIT,NA,unmatched,NA,NA,NA,NA,Q65,Rumah Benjamin,112.14972,2.06721,19.100972893757454,OPEN,red,red,0,0,Q65,Rumah Benjamin,19.100972893757454,Q65,Rumah Benjamin,OPEN,19.100972893757454,NA,K0396,Klinik Kesihatan Nanga Jagau,15.1853827738793,26,S026,0,0,NA,2.0103624406914493,0.16822325875237443,0.16822325875237443,0,44.75925755887241,83.38985741322102,NA,NA,site_maps/S026.png,40,32649,100,67.942718505859375,11.922780472385934,20.882783889770508,301.2493896484375,280.366605758667,13.601044950182096,21.346889830000492,42.40339125716864,0.13538661244441288,261.97836112976074,14.075821182654645,45.751976762949816
40,SARAWAK,SIBU,( + RH ANTAS ),1.89725,112.174666666667,FDS PKB SIBU,Udara,PKD KANOWIT,43,F038,1.89725,112.174666666667,,TRUE,PKDKANOWIT,NA,unmatched,NA,NA,NA,NA,Q65,Rumah Benjamin,112.14972,2.06721,19.100972893757454,OPEN,red,red,0,0,Q65,Rumah Benjamin,19.100972893757454,Q65,Rumah Benjamin,OPEN,19.100972893757454,NA,K0396,Klinik Kesihatan Nanga Jagau,15.1853827738793,26,S026,0,0,NA,2.0103624406914493,0.16822325875237443,0.16822325875237443,0,44.75925755887241,83.38985741322102,NA,NA,site_maps/S026.png,40,32649,100,67.942718505859375,11.922780472385934,20.882783889770508,301.2493896484375,280.366605758667,13.601044950182096,21.346889830000492,42.40339125716864,0.13538661244441288,261.97836112976074,14.075821182654645,45.751976762949816
41,SARAWAK,SIBU,RH. UNJAU POI,1.90208333333333,112.227111111111,FDS PKB SIBU,Udara,KK MENALUN,47,F039,1.90208333333333,112.227111111111,,TRUE,MENALUN,K0409,documented name alias,Klinik Kesihatan Nanga Poi (Menalun),2.033117,112.261047,TRUE,Q65,Rumah Benjamin,112.14972,2.06721,20.275661422196666,OPEN,red,red,0,0,Q65,Rumah Benjamin,20.275661422196666,Q65,Rumah Benjamin,OPEN,20.275661422196666,15.050456469072387,K0396,Klinik Kesihatan Nanga Jagau,9.959979454903763,27,S027,1,0,4.6521266651015845,2.2353416115733875,0.2527150376307937,2.4595522554441582,23.900114096791523,31.450030630484655,89.1412685639846,Klinik Kesihatan Nanga Jagau,9.959979454903783,site_maps/S027.png,40,32649,100,120.91496276855467,17.558291829696017,14.115368843078612,301.5482177734375,287.4328489303589,13.547434654390475,21.605378519743628,42.47193517964527,0.17138047479490118,245.53522300720215,13.971669983947365,45.39402009441956
42,SARAWAK,SIBU,"RH. JARAU, JAGAU",1.84358333333333,112.284805555556,FDS PKB SIBU,Udara,KK NANGA JAGAU,55,F040,1.84358333333333,112.284805555556,,TRUE,NANGAJAGAU,K0396,exact normalized name,Klinik Kesihatan Nanga Jagau,1.8596,112.30601,TRUE,Q74,Nanga Ngungun,112.400101,1.988989,20.629905839223277,OPEN,red,red,0,0,Q74,Nanga Ngungun,20.629905839223277,Q74,Nanga Ngungun,OPEN,20.629905839223277,2.953884138177678,K0396,Klinik Kesihatan Nanga Jagau,2.953884138177678,28,S028,1,1,4.810087313773585,4.5937994668312845,0.2399600415464143,0.2399600415464143,14.72503086177471,15.927157313993824,97.30199873964575,Klinik Kesihatan Nanga Jagau,2.953884138177652,site_maps/S028.png,40,32649,100,118.2419891357422,25.709412686677048,32.77427673339844,350.9242858886719,318.15000915527344,13.293455719116109,21.280788341166545,40.66033239705122,0.15362462861372786,222.2957878112793,12.93603250143144,38.8243128708076
43,SARAWAK,SIBU,( + RH SALANG ),1.84358333333333,112.284805555556,FDS PKB SIBU,Udara,KK NANGA JAGAU,55,F041,1.84358333333333,112.284805555556,,TRUE,NANGAJAGAU,K0396,exact normalized name,Klinik Kesihatan Nanga Jagau,1.8596,112.30601,TRUE,Q74,Nanga Ngungun,112.400101,1.988989,20.629905839223277,OPEN,red,red,0,0,Q74,Nanga Ngungun,20.629905839223277,Q74,Nanga Ngungun,OPEN,20.629905839223277,2.953884138177678,K0396,Klinik Kesihatan Nanga Jagau,2.953884138177678,28,S028,1,1,4.810087313773585,4.5937994668312845,0.2399600415464143,0.2399600415464143,14.72503086177471,15.927157313993824,97.30199873964575,Klinik Kesihatan Nanga Jagau,2.953884138177652,site_maps/S028.png,40,32649,100,118.2419891357422,25.709412686677048,32.77427673339844,350.9242858886719,318.15000915527344,13.293455719116109,21.280788341166545,40.66033239705122,0.15362462861372786,222.2957878112793,12.93603250143144,38.8243128708076
44,SARAWAK,SIBU,( + RH MANGGAL ),1.84358333333333,112.284805555556,FDS PKB SIBU,Udara,KK NANGA JAGAU,55,F042,1.84358333333333,112.284805555556,,TRUE,NANGAJAGAU,K0396,exact normalized name,Klinik Kesihatan Nanga Jagau,1.8596,112.30601,TRUE,Q74,Nanga Ngungun,112.400101,1.988989,20.629905839223277,OPEN,red,red,0,0,Q74,Nanga Ngungun,20.629905839223277,Q74,Nanga Ngungun,OPEN,20.629905839223277,2.953884138177678,K0396,Klinik Kesihatan Nanga Jagau,2.953884138177678,28,S028,1,1,4.810087313773585,4.5937994668312845,0.2399600415464143,0.2399600415464143,14.72503086177471,15.927157313993824,97.30199873964575,Klinik Kesihatan Nanga Jagau,2.953884138177652,site_maps/S028.png,40,32649,100,118.2419891357422,25.709412686677048,32.77427673339844,350.9242858886719,318.15000915527344,13.293455719116109,21.280788341166545,40.66033239705122,0.15362462861372786,222.2957878112793,12.93603250143144,38.8243128708076
45,SARAWAK,KAPIT,"RH. NUGA, SG. SEMUNJAN",2.054018,112.813026,FDS (P) PKB KAPIT,Udara,KK KAPIT,0,F043,2.054018,112.813026,,TRUE,KAPIT,K0288,exact normalized name,Klinik Kesihatan Kapit,2.01164,112.92896,TRUE,Q71,Pekan Kapit,112.937752999999,2.015658,14.501776807213043,OPEN,red,red,0,0,Q71,Pekan Kapit,14.501776807213043,Q71,Pekan Kapit,OPEN,14.501776807213043,13.7179222725238,K0395,Klinik Kesihatan Nanga Ibau,12.909415770553137,29,S029,0,0,4.680669516187001,0.09135754821721048,4.476721066587259,4.476721066587259,26.015020304429527,124.31129354133496,35.14486605705054,NA,NA,site_maps/S029.png,40,32649,100,39.445404052734375,6.697331422685535,-257.7371826171875,544.1229248046875,801.860107421875,14.328208348513652,23.175828790328406,46.64209186648481,0.8655264905867023,544.3688049316406,13.626341662428429,42.55744054223065
46,SARAWAK,KAPIT,"RH. MANILA, SG. SEMUNJAN",2.061833,112.825158,FDS (P) PKB KAPIT,Udara,KK KAPIT,0,F044,2.061833,112.825158,,TRUE,KAPIT,K0288,exact normalized name,Klinik Kesihatan Kapit,2.01164,112.92896,TRUE,Q71,Pekan Kapit,112.937752999999,2.015658,13.524597169962327,OPEN,red,red,0,0,Q71,Pekan Kapit,13.524597169962327,Q71,Pekan Kapit,OPEN,13.524597169962327,12.814279927540449,K0288,Klinik Kesihatan Kapit,12.814279927540449,30,S030,0,0,5.534040870324909,0.01935792427148848,5.33542339269798,5.33542339269798,27.480295976359514,129.08333542783095,45.03425613258502,NA,NA,site_maps/S030.png,40,32649,100,69.540130615234375,12.474141061181808,-262.7550354003906,679.4281005859375,942.183135986328,14.55299796881938,23.482940027806656,47.87656924980226,1.0677997038959983,368.8183765411377,13.812398883696948,43.45966016870484
47,SARAWAK,KAPIT,"RH. LIUN, IBAU",2.070742,112.715335,FDS (P) PKB KAPIT,Udara,KK KAPIT,0,F045,2.070742,112.715335,,TRUE,KAPIT,K0288,exact normalized name,Klinik Kesihatan Kapit,2.01164,112.92896,TRUE,Q73,Song,112.552119,2.01037,19.339786362315472,OPEN,red,red,0,0,Q73,Song,19.339786362315472,Q73,Song,OPEN,19.339786362315472,24.63185782618768,K0395,Klinik Kesihatan Nanga Ibau,6.714298220971578,31,S031,2,0,1.7390175010173434,0.4652772842461768,5.3844618726174716,5.3844618726174716,20.225790809972047,170.7795099070149,18.98905129760333,Klinik Kesihatan Nanga Ibau,6.714298220971535,site_maps/S031.png,40,32649,100,56.42755508422851,4.65441440197705,-180.3611602783203,628.36181640625,808.7229766845703,15.45089730209764,24.1887880210336,53.83141082519964,1.256433007985803,357.09666442871094,15.0134419761874,51.75169518889248
48,SARAWAK,KAPIT,"RH. MESSOP, IBAU",2.052336,112.68931,FDS (P) PKB KAPIT,Udara,KK KAPIT,0,F046,2.052336,112.68931,,TRUE,KAPIT,K0288,exact normalized name,Klinik Kesihatan Kapit,2.01164,112.92896,TRUE,Q73,Song,112.552119,2.01037,15.943557791401016,OPEN,red,red,0,0,Q73,Song,15.943557791401016,Q73,Song,OPEN,15.943557791401016,27.01287631968211,K0395,Klinik Kesihatan Nanga Ibau,4.891696620059116,32,S032,2,2,2.8536535979163054,0.014358556635369252,4.67806875353318,4.67806875353318,29.977871081789782,119.29299580489345,22.894540107707222,SEKOLAH KEBANGSAAN ULU MELIPIS,4.7356749076119264,site_maps/S032.png,40,32649,100,103.3760223388672,6.832506716593405,-154.02108764648438,511.3464660644531,665.3675537109375,14.707230883841818,23.33710793991684,49.64763025005577,0.7260337869354478,378.21873784065247,14.423336953859346,47.89502350069594
49,SARAWAK,KAPIT,"RH. BERANGAN, SG IRAN PELAGUS",2.255626,112.971941,FDS (P) PKB KAPIT,Udara,KK KAPIT,0,F047,2.255626,112.971941,,TRUE,KAPIT,K0288,exact normalized name,Klinik Kesihatan Kapit,2.01164,112.92896,TRUE,Q71,Pekan Kapit,112.937752999999,2.015658,26.95233363280323,OPEN,red,red,0,0,Q71,Pekan Kapit,26.95233363280323,Q71,Pekan Kapit,OPEN,26.95233363280323,27.547219319076092,K0288,Klinik Kesihatan Kapit,27.547219319076092,33,S033,0,0,8.013254851714368,0.005500748106032511,7.064436327452708,7.064436327452708,3.549297678497507,137.58219024466047,11.085568989024917,NA,NA,site_maps/S033.png,40,32649,100,59.9690055847168,3.4821605229005317,34.12278366088867,651.61895751953125,617.4961738586426,10.463584149324708,20.76401253020117,25.154136329527248,0.8234124972113492,339.78435134887695,10.13223497733817,22.542116412791284
50,SARAWAK,KAPIT,"RH. SARI, SG IRAN SONG",2.084565,112.437233,FDS (P) PKB KAPIT,Udara,KK KAPIT,0,F048,2.084565,112.437233,,TRUE,KAPIT,K0288,exact normalized name,Klinik Kesihatan Kapit,2.01164,112.92896,TRUE,Q64,Kg Nanga Tada,112.3608,2.0866,8.496359099739024,"OPEN AT TEMPORARY LOCATION, 500m distance from NADI (2.0866, 112.3608)",red,yellow,0,1,Q64,Kg Nanga Tada,8.496359099739024,Q64,Kg Nanga Tada,"OPEN AT TEMPORARY LOCATION, 500m distance from NADI (2.0866, 112.3608)",8.496359099739024,55.2410986949443,K0412,Klinik Kesihatan Nanga Tada,8.636898525072407,34,S034,7,0,0.0035579127567100855,3.3316119077521305,5.6450272836104904,5.7798572598523945,74.98914153149913,27.22056072128292,32.223331418143935,Sekolah Kebangsaan Nanga Beguang,5.572065092902358,site_maps/S034.png,40,32649,100,78.63298797607422,5.550898483383715,4.895097732543945,478.6504211425781,473.7553234100342,12.021485423760245,20.741193589610692,33.207587350359745,0.2007879405546006,309.6164798736572,12.13838908330782,32.833562030833804
51,SARAWAK,KAPIT,RH. AJAN LONG SINGUT,1.57292368,114.4209056,FDS (P) PKB KAPIT,Udara,KK KAPIT,0,F049,1.57292368,114.4209056,,TRUE,KAPIT,K0288,exact normalized name,Klinik Kesihatan Kapit,2.01164,112.92896,TRUE,Q66,Pekan Tunoh,113.672759,2.0479,98.50429851557324,OPEN,red,red,0,0,Q66,Pekan Tunoh,98.50429851557324,Q66,Pekan Tunoh,OPEN,98.50429851557324,172.8425929391523,K0331,Klinik Kesihatan Long Busang,35.265032665367556,35,S035,0,0,0.5881040770158659,1.7040281282466585,0.20264644549673821,0.20264644549673821,27.385573221987755,129.5191812233008,40.6359210616097,NA,NA,site_maps/S035.png,40,32650,100,274.5340270996094,11.327471498168729,225.2686767578125,1394.8206787109375,1169.552001953125,20.36985941135739,29.24669003507624,77.50115353997333,8.085934925133987,769.0842437744141,19.50479093422904,73.90760540649588
52,SARAWAK,KAPIT,"RH. ACHAU, SG JANAN TEKALIT",1.909314,112.784375,FDS (P) PKB KAPIT,Udara,KK KAPIT,0,F050,1.909314,112.784375,,TRUE,KAPIT,K0288,exact normalized name,Klinik Kesihatan Kapit,2.01164,112.92896,TRUE,Q76,Sungai Pelajau,112.92012,1.96916,16.488080047847742,OPEN,red,red,0,0,Q76,Sungai Pelajau,16.488080047847742,Q76,Sungai Pelajau,OPEN,16.488080047847742,19.68842999121902,K0395,Klinik Kesihatan Nanga Ibau,14.360236135365662,36,S036,0,0,5.858402949027929,0.8620279800892315,3.6267860311034537,3.6267860311034537,8.200078484254139,37.44416071578015,19.711627024655066,NA,NA,site_maps/S036.png,40,32649,100,116.19921112060548,15.2294845758302,28.21822738647461,1018.59423828125,990.3760108947754,16.214361896152454,25.653253270811597,55.712286537135434,3.811402263416217,620.2409934997559,15.164525571463756,50.906816760475294
53,SARAWAK,KAPIT,"RH. LAYANG, SG AYAT BANGKIT",1.957821,113.301567,FDS (P) PKB KAPIT,Udara,KK KAPIT,0,F051,1.957821,113.301567,,TRUE,KAPIT,K0288,exact normalized name,Klinik Kesihatan Kapit,2.01164,112.92896,TRUE,Q72,Sungai Melekun,113.0225,2.0126,31.604782810422286,OPEN,red,red,0,0,Q72,Sungai Melekun,31.604782810422286,Q72,Sungai Melekun,OPEN,31.604782810422286,41.837431713326495,K0468,Klinik Kesihatan Sekeroh,15.80321511449186,37,S037,0,0,1.8153937461763046,0.3617662070160816,0.10930948336896402,0.10930948336896402,58.46146630977662,99.67467728342793,33.1204273256851,NA,NA,site_maps/S037.png,40,32649,100,44.90384292602539,20.76782279418348,-12.364340782165527,535.69305419921875,548.0573949813843,14.478353423247356,23.253784317185456,46.674846874619725,1.146919239037845,315.95859241485596,14.7126304373066,48.45622956774428
54,SARAWAK,KAPIT,"RH. AI ANAK JALIN, SG. ENTAWAU, BENA, BALLEH",1.891256,113.188507,FDS (P) PKB KAPIT,Udara,KK KAPIT,0,F052,1.891256,113.188507,,TRUE,KAPIT,K0288,exact normalized name,Klinik Kesihatan Kapit,2.01164,112.92896,TRUE,Q72,Sungai Melekun,113.0225,2.0126,22.856127550544414,OPEN,red,red,0,0,Q72,Sungai Melekun,22.856127550544414,Q72,Sungai Melekun,OPEN,22.856127550544414,31.798457657120668,K0385,Klinik Kesihatan Nanga Bena,13.63677328174168,38,S038,0,0,5.6081840525771645,0.019010615117903716,9.862019910528767,9.862019910528767,29.85348677414028,175.75877437134568,1.3714123362305415,NA,NA,site_maps/S038.png,40,32649,100,78.12175750732422,2.8415508939208864,31.531082153320313,667.96624755859375,636.4351654052734,16.201616688873088,25.331290200269457,56.63287814327078,2.5749593067183216,548.7205619812012,16.44697906437742,58.54332694441642
55,SARAWAK,BINTULU,LONG BIYAK,2.65922,113.49887,FDS (P) PKD BINTULU,Udara,KK BELAGA,60,F053,2.65922,113.49887,,TRUE,BELAGA,K0196,exact normalized name,Klinik Kesihatan Belaga,2.70662,113.78298,TRUE,Q43,Pekan Belaga,113.782731,2.705406,31.944891561204056,OPEN,red,red,0,0,Q43,Pekan Belaga,31.944891561204056,Q43,Pekan Belaga,OPEN,31.944891561204056,31.994134729665294,K0196,Klinik Kesihatan Belaga,31.994134729665294,39,S039,0,0,2.545129499522402,0.06912687600262124,0.051683211655497,0.051683211655497,35.28870398510942,144.17977070080974,38.450670775021564,NA,NA,site_maps/S039.png,40,32649,100,55.25243377685547,1.388868853022159,38.666709899902344,695.6292724609375,656.9625625610352,11.864613439152398,22.86882166867354,31.748003549245784,2.75776397515528,644.5581283569336,11.833261074845344,30.3507674929907
56,SARAWAK,BINTULU,"RH. DRICK, JELALONG, TUBAU",3.204794,113.854429,FDS (P) PKD BINTULU,Udara,KK TUBAU,90,F054,3.204794,113.854429,,TRUE,TUBAU,K0547,exact normalized name,Klinik Kesihatan Tubau,3.160199,113.701678,TRUE,Q31,Sungai Asap,113.928508,3.054613,18.615026474882818,OPEN,red,red,0,0,Q31,Sungai Asap,18.615026474882818,Q31,Sungai Asap,OPEN,18.615026474882818,17.669061486688665,K0547,Klinik Kesihatan Tubau,17.669061486688665,40,S040,0,0,0.06696564305108572,9.957133156029078,6.698536523147461,6.698536523147461,45.57894179687789,0.07238485267311698,24.185496896076966,NA,NA,site_maps/S040.png,40,32649,100,32.63322830200195,0.6432052004037664,9.155841827392578,1226.7239990234375,1217.568157196045,11.36786488004516,24.34048721234498,27.496019552364437,5.01434989402375,592.1254377365112,10.923250493210212,24.67521988219156
57,SARAWAK,BINTULU,"RH. AMIT, TUBAU /FELIX",3.328191,113.90983,FDS (P) PKD BINTULU,Udara,KK TUBAU,120,F055,3.328191,113.90983,,TRUE,TUBAU,K0547,exact normalized name,Klinik Kesihatan Tubau,3.160199,113.701678,TRUE,Q31,Sungai Asap,113.928508,3.054613,30.49112980460859,OPEN,red,red,0,0,Q31,Sungai Asap,30.49112980460859,Q31,Sungai Asap,OPEN,30.49112980460859,29.71423048566838,K0338,Klinik Kesihatan Long Loyang,26.567502493234265,41,S041,0,0,2.8018302396889485,8.643918957863407,8.059049222901644,8.059049222901644,77.54988001755702,2.3480633941199778,4.260910747550034,NA,NA,site_maps/S041.png,40,32649,100,21.559755325317383,1.593151914195636,11.24339485168457,893.33160400390625,882.0882091522217,8.766613329744649,18.973907631625863,15.284967525718312,3.357957339796079,217.50512886047363,6.246893596981674,4.719722345534525
58,SARAWAK,BINTULU,"RH. ROBERT, KAKUS",2.639007,113.337046,FDS (P) PKD BINTULU,Udara,KK TATAU,100,F056,2.639007,113.337046,,TRUE,TATAU,K0524,exact normalized name,Klinik Kesihatan Tatau,2.88134,112.85431,TRUE,Q43,Pekan Belaga,113.782731,2.705406,50.05165203006053,OPEN,red,red,0,0,Q43,Pekan Belaga,50.05165203006053,Q43,Pekan Belaga,OPEN,50.05165203006053,60.006071582025,K0285,Klinik Kesihatan Kakus,20.613284820806715,42,S042,0,0,4.540507099835659,1.5470076141638112,0.12899116339516206,0.12899116339516206,37.68875473302829,88.51607084042806,64.92304503516038,NA,NA,site_maps/S042.png,40,32649,100,27.352930068969727,3.037367108450236,16.29489517211914,476.9622802734375,460.6673851013184,10.183784870645198,19.812624357768502,24.443497926110723,0.6449846359791902,276.4736614227295,8.65711289080622,17.335350479072112
59,SARAWAK,BINTULU,"RH RENANG, SIGU",2.97397,113.59586,FDS (P) PKD BINTULU,Udara,KK SEBAUH,102,F057,2.97397,113.59586,,TRUE,SEBAUH,K0465,exact normalized name,Klinik Kesihatan Sebauh,3.11049,113.26816,TRUE,Q43,Pekan Belaga,113.782731,2.705406,36.36634379049592,OPEN,red,red,0,0,Q43,Pekan Belaga,36.36634379049592,Q43,Pekan Belaga,OPEN,36.36634379049592,39.426853569409225,K0547,Klinik Kesihatan Tubau,23.808900102936192,43,S043,0,0,1.0469693119025236,2.2809015767689806,0.06783407753425207,0.06783407753425207,49.86824751708019,57.881714691026616,32.756214101096454,NA,NA,site_maps/S043.png,40,32649,100,14.43721866607666,2.9681212579408416,7.243229866027832,542.27587890625,535.0326490402222,9.103823338739929,17.78360523196983,16.89034685216827,0.26821341472689386,216.4563140869141,7.914904337185201,11.13151575081226
60,SARAWAK,BINTULU,"RH JALING, SIGU",2.98425,113.59731,FDS (P) PKD BINTULU,Udara,KK SEBAUH,96,F058,2.98425,113.59731,,TRUE,SEBAUH,K0465,exact normalized name,Klinik Kesihatan Sebauh,3.11049,113.26816,TRUE,Q43,Pekan Belaga,113.782731,2.705406,37.22133166727187,OPEN,red,red,0,0,Q43,Pekan Belaga,37.22133166727187,Q43,Pekan Belaga,OPEN,37.22133166727187,39.15110360411604,K0547,Klinik Kesihatan Tubau,22.739176156767996,44,S044,0,0,0.15989000921495622,2.234438039162704,0.10800863376194941,0.10800863376194941,57.45969185387197,57.704675042225716,30.735866177888656,NA,NA,site_maps/S044.png,40,32649,100,16.758459091186523,1.2832187152594114,8.011786460876465,543.90802001953125,535.8962335586548,8.764844291685874,17.162696023860516,15.185964556448548,0.1845701391881956,217.2310028076172,7.274179865189768,8.849343260093216
61,SARAWAK,BINTULU,LONG UNAI,1.99581172,114.7146545,KB (P) PKD BINTULU,Udara,KK BELAGA,400,F059,1.99581172,114.7146545,,TRUE,BELAGA,K0196,exact normalized name,Klinik Kesihatan Belaga,2.70662,113.78298,TRUE,Q66,Pekan Tunoh,113.672759,2.0479,115.92632454212352,OPEN,red,red,0,0,Q66,Pekan Tunoh,115.92632454212352,Q66,Pekan Tunoh,OPEN,115.92632454212352,130.23570085126008,K0331,Klinik Kesihatan Long Busang,46.571737807982046,45,S045,0,0,1.7863027937102085,6.476931750857159,1.6199646755165324,3.3598609053049486,56.705535461886825,25.179983037361158,71.09424040982177,NA,NA,site_maps/S045.png,40,32650,100,728.6336669921875,18.723867273949377,360.8231506347656,1306.5909423828125,945.7677917480468,15.720839057563992,24.945156430983932,52.95349450371152,2.594511824118769,883.9856262207031,16.227052751493286,55.80771403211491
62,SARAWAK,BINTULU,SANG ANAU,2.1531869,114.0202895,KB (P) PKD BINTULU,Udara,KK BELAGA,250,F060,2.1531869,114.0202895,,TRUE,BELAGA,K0196,exact normalized name,Klinik Kesihatan Belaga,2.70662,113.78298,TRUE,Q66,Pekan Tunoh,113.672759,2.0479,40.35332666417004,OPEN,red,red,0,0,Q66,Pekan Tunoh,40.35332666417004,Q66,Pekan Tunoh,OPEN,40.35332666417004,66.9485312503338,K0553,Klinik Kesihatan Tunoh Scheme,40.490907427693934,46,S046,0,0,NA,7.333931341159786,0.30516746378966075,0.30516746378966075,0,31.202824355000764,46.061248462215815,NA,NA,site_maps/S046.png,40,32650,100,203.97711181640625,14.106942592811231,159.5549774169922,787.49859619140625,627.9436187744141,17.07907243518097,25.98364169118831,61.687175820999954,3.2510432035856796,582.8228912353516,18.00577521611986,67.45738779626828
63,SARAWAK,BINTULU,BATU KELING,2.2233485,113.9234332,KB (P) PKD BINTULU,Udara,KK BELAGA,300,F061,2.2233485,113.9234332,,TRUE,BELAGA,K0196,exact normalized name,Klinik Kesihatan Belaga,2.70662,113.78298,TRUE,Q66,Pekan Tunoh,113.672759,2.0479,34.00687613528114,OPEN,red,red,0,0,Q66,Pekan Tunoh,34.00687613528114,Q66,Pekan Tunoh,OPEN,34.00687613528114,55.95686581707676,K0553,Klinik Kesihatan Tunoh Scheme,34.0299933843914,47,S047,0,0,NA,0.3629900274136093,0.4131831960246232,0.4131831960246232,0,68.23579679774976,24.994166267200853,NA,NA,site_maps/S047.png,40,32649,100,189.67469787597656,6.734091485963946,122.05506134033205,1487.609619140625,1365.554557800293,14.621781323590922,24.725470972927113,46.18185137108551,3.14122586402726,538.6488342285156,14.288616719545503,45.907293851863805
64,SARAWAK,BINTULU,LONG JAWE,2.25843251,112.8999907,KB (P) PKD BINTULU,Udara,KK BELAGA,350,F062,2.25843251,112.8999907,,TRUE,BELAGA,K0196,exact normalized name,Klinik Kesihatan Belaga,2.70662,113.78298,TRUE,Q71,Pekan Kapit,112.937752999999,2.015658,27.319500168369853,OPEN,red,red,0,0,Q71,Pekan Kapit,27.319500168369853,Q71,Pekan Kapit,OPEN,27.319500168369853,110.02559009077476,K0288,Klinik Kesihatan Kapit,27.630270422897706,48,S048,0,0,8.226313148497372,0.11381814548333109,4.847547442249836,4.847547442249836,3.8887947345581977,125.09076778348265,23.080670733002236,NA,NA,site_maps/S048.png,40,32649,100,184.68521118164065,18.210199378670666,50.381065368652344,634.541748046875,584.1606826782227,11.45598160842221,21.05201585531563,29.06635974608068,0.8786784837852637,373.0885543823242,11.045594770718584,26.94302609538033
65,SARAWAK,BINTULU,LONG KEBUHO,2.3517868,111.6217804,KB (P) PKD BINTULU,Udara,KK BELAGA,200,F063,2.3517868,111.6217804,,TRUE,BELAGA,K0196,exact normalized name,Klinik Kesihatan Belaga,2.70662,113.78298,TRUE,Q53,Bawang Assan,111.67942,2.31546,7.571440493988751,OPEN,red,yellow,0,1,Q53,Bawang Assan,7.571440493988751,Q53,Bawang Assan,OPEN,7.571440493988751,243.30084452079606,K0193,Klinik Kesihatan Bawang Assan,8.958949076263853,49,S049,2,0,1.9906714222744182,6.123583696648107,0.9656404043569307,0.9656404043569307,120.72774394516188,69.0389569045644,121.18591618485706,Dewan Serbaguna Bawang Assan,7.486248747444706,site_maps/S049.png,40,32649,100,17.501705169677734,1.2280503013403612,-7.455255508422852,37.68608856201172,45.14134407043457,2.1241474523605866,4.060326584425976,0,0,32.766366481781006,2.252137923797034,0
66,SARAWAK,BINTULU,LONG TANYIT,2.373173,114.5547487,KB (P) PKD BINTULU,Udara,KK SUNGAI ASAP,240,F064,2.373173,114.5547487,,TRUE,SUNGAIASAP,K0505,exact normalized name,Klinik Kesihatan Sungai Asap,3.04448,113.915865,TRUE,Q43,Pekan Belaga,113.782731,2.705406,93.37863099565017,OPEN,red,red,0,0,Q43,Pekan Belaga,93.37863099565017,Q43,Pekan Belaga,OPEN,93.37863099565017,102.99266407938867,K0353,Klinik Kesihatan Lusong Laku,35.275889788222614,50,S050,0,0,0.19137181839476056,1.0084978922068526,0.03367674457450548,0.03367674457450548,59.08740730362056,79.51334242891903,44.21729863732964,NA,NA,site_maps/S050.png,40,32650,100,409.6564636230469,1.5002811694441285,393.16058349609375,1718.4593505859375,1325.2987670898438,18.657156689529923,27.94406590241951,69.2871304197914,5.787533529056826,801.2353515625,18.38206108426241,68.72667863409912
67,SARAWAK,BINTULU,PUNAN BUSANG,2.4426794,113.6160225,KB (P) PKD BINTULU,Udara,KK SUNGAI ASAP,290,F065,2.4426794,113.6160225,,TRUE,SUNGAIASAP,K0505,exact normalized name,Klinik Kesihatan Sungai Asap,3.04448,113.915865,TRUE,Q43,Pekan Belaga,113.782731,2.705406,34.58880634267023,OPEN,red,red,0,0,Q43,Pekan Belaga,34.58880634267023,Q43,Pekan Belaga,OPEN,34.58880634267023,74.74615979905059,K0450,Klinik Kesihatan Punan Bah,30.314337409215277,51,S051,0,0,7.723965054585111,0.1129432981259618,5.503562586020889,5.503562586020889,8.482722442603276,133.30993198722732,17.9732373403011,NA,NA,site_maps/S051.png,40,32649,100,584.18841552734375,18.397450985447776,39,942.4649047851564,903.4649047851564,16.64155575843019,27.98165985547284,55.98927173538299,6.466365166602446,803.0720748901367,17.59726793201384,59.43295328422964
68,SARAWAK,BINTULU,LUSONG LAKU,2.4686599,114.244719,KB (P) PKD BINTULU,Udara,KK SUNGAI ASAP,190,F066,2.4686599,114.244719,,TRUE,SUNGAIASAP,K0505,exact normalized name,Klinik Kesihatan Sungai Asap,3.04448,113.915865,TRUE,Q43,Pekan Belaga,113.782731,2.705406,57.676555485505574,OPEN,red,red,0,0,Q43,Pekan Belaga,57.676555485505574,Q43,Pekan Belaga,OPEN,57.676555485505574,73.71343721847431,K0353,Klinik Kesihatan Lusong Laku,0.8553256835083517,52,S052,1,1,0.09202211481960845,1.6440218828651953,0.13649238547246162,0.13649238547246162,55.130284069331196,236.96364223547658,39.14763378878738,Klinik Kesihatan Lusong Laku,0.8553256835083517,site_maps/S052.png,40,32650,100,392.9215393066406,3.56990826560267,156.14077758789065,1578.676025390625,1422.5352478027344,15.864282361333764,27.267766821644884,54.188828101629085,5.537274308284363,892.8945922851564,12.756685989674205,41.122117537878026
69,SARAWAK,BINTULU,LONG KAJANG,2.3748521,114.513815,KB (P) PKD BINTULU,Udara,KK SUNGAI ASAP,290,F067,2.3748521,114.513815,,TRUE,SUNGAIASAP,K0505,exact normalized name,Klinik Kesihatan Sungai Asap,3.04448,113.915865,TRUE,Q43,Pekan Belaga,113.782731,2.705406,89.143412131243565,OPEN,red,red,0,0,Q43,Pekan Belaga,89.143412131243565,Q43,Pekan Belaga,OPEN,89.143412131243565,99.7750704766188,K0353,Klinik Kesihatan Lusong Laku,30.883103705954394,53,S053,0,0,2.2463300810702607,0.18982127633862228,0.012611618346128681,0.012611618346128681,58.8983351986816,82.97095285075089,38.537720425290544,NA,NA,site_maps/S053.png,40,32650,100,404.8069458007813,3.456660543347121,391.08154296875,1689.5010986328125,1298.4195556640625,18.721599757327457,27.883026915561288,69.86131886519789,5.551808939482291,824.34619140625,18.307573329675748,67.48244693729319
70,SARAWAK,BINTULU,LONG ABIT,2.4019683,114.4413757,KB (P) PKD BINTULU,Udara,KK SUNGAI ASAP,340,F068,2.4019683,114.4413757,,TRUE,SUNGAIASAP,K0505,exact normalized name,Klinik Kesihatan Sungai Asap,3.04448,113.915865,TRUE,Q43,Pekan Belaga,113.782731,2.705406,80.57042723905818,OPEN,red,red,0,0,Q43,Pekan Belaga,80.57042723905818,Q43,Pekan Belaga,OPEN,80.57042723905818,92.25551925540701,K0353,Klinik Kesihatan Lusong Laku,22.295768630264654,54,S054,0,0,0.4109454949253582,0.5567676222426554,0.06997890357602818,0.06997890357602818,41.53867828757368,158.32057117441852,32.55353031617169,NA,NA,site_maps/S054.png,40,32650,100,406.306640625,5.514758551657493,387.7185974121094,1434.1822509765625,1046.4636535644531,18.71003779050776,28.549856750153964,68.84729673539344,6.9754469945133515,886.1080017089844,18.938360722447793,68.23023846991889
71,SARAWAK,MIRI,PA' TIK,3.72453,115.28142,FDS PKB MIRI,Udara,KK BARIO,NA,F069,3.72453,115.28142,,TRUE,BARIO,K0185,exact normalized name,Klinik Kesihatan Bario,3.74052,115.46723,TRUE,Q21,Bario,115.46488,3.73976,20.426911556742763,OPEN,red,red,0,0,Q21,Bario,20.426911556742763,Q21,Bario,OPEN,20.426911556742763,20.69386018884242,K0185,Klinik Kesihatan Bario,20.69386018884242,55,S055,0,0,8.895325251376033,3.2760492789493836,2.226257203182299,2.226257203182299,6.022496823685565,54.38531556634526,22.673353963244082,NA,NA,site_maps/S055.png,40,32650,100,510.5339965820313,2.0892183250484933,314.6368103027344,1923.34814453125,1608.7113342285156,20.070768227838396,30.849916089325525,72.67592207607825,11.689602368952125,979.8937072753906,18.86611794957054,68.14587703727611
72,SARAWAK,MIRI,LONG SABAI,3.47322,115.24191,FDS PKB MIRI,Udara,KK LONG LELLANG,NA,F070,3.47322,115.24191,,TRUE,LONGLELLANG,K0337,exact normalized name,Klinik Kesihatan Long Lellang,3.420979,115.153885,TRUE,Q25,Long Banga (Long Beruang),115.393507,3.203576,34.382769828360125,UNDER RELOCATION,red,red,0,0,Q21,Bario,38.609268037501046,Q25,Long Banga (Long Beruang),UNDER RELOCATION,34.382769828360125,11.366679437782595,K0337,Klinik Kesihatan Long Lellang,11.366679437782595,56,S056,0,0,7.6566451065456285,NA,8.177905853996554,8.177905853996554,12.65028181635505,0,10.90554176771655,NA,NA,site_maps/S056.png,40,32650,100,696.26593017578125,1.7709351144650587,485.5196228027344,1951.594970703125,1466.0753479003906,13.940276568137111,22.49691211971451,41.72168304481426,1.6038415122658634,669.9583740234375,12.645860372777191,32.509682104243986
73,SARAWAK,MIRI,LONG KELIAN,3.40666,115.07121,FDS PKB MIRI,Udara,KK LONG LELLANG,NA,F071,3.40666,115.07121,,TRUE,LONGLELLANG,K0337,exact normalized name,Klinik Kesihatan Long Lellang,3.420979,115.153885,TRUE,Q25,Long Banga (Long Beruang),115.393507,3.203576,42.30868926328104,UNDER RELOCATION,red,red,0,0,Q19,Long Bedian,57.23558407153091,Q25,Long Banga (Long Beruang),UNDER RELOCATION,42.30868926328104,9.313844534336281,K0337,Klinik Kesihatan Long Lellang,9.313844534336281,57,S057,2,0,4.973105177395513,NA,2.5433430435032784,2.5433430435032784,49.12080608073765,0,39.3115900554266,SK Long Lellang,9.183805920657559,site_maps/S057.png,40,32650,100,442.958251953125,2.0642996332347128,246.8954620361328,1559.1912841796875,1312.2958221435547,15.666764992983582,25.42518260625031,51.96288691155221,3.2534793520419805,518.70635986328125,13.388214632434408,38.914784995056195
74,SARAWAK,MIRI,TANJONG DURIAN,3.58402,114.811,FDS PKB MIRI,Udara,KK LONG BEDIAN,NA,F072,3.58402,114.811,,TRUE,LONGBEDIAN,K0329,exact normalized name,Klinik Kesihatan Long Bedian,3.794918,114.732075,TRUE,Q19,Long Bedian,114.730756,3.793308,24.91710977561635,OPEN,red,red,0,0,Q19,Long Bedian,24.91710977561635,Q19,Long Bedian,OPEN,24.91710977561635,25.032810920283712,K0329,Klinik Kesihatan Long Bedian,25.032810920283712,58,S058,0,0,0.08825757086066627,6.270241105258012,0.12354957579217518,0.12354957579217518,84.84801487639886,9.580566807021075,51.22251209957154,NA,NA,site_maps/S058.png,40,32650,100,175.69168090820313,6.100427864062201,111.4495620727539,1117.66357421875,1006.214012145996,16.883002564226754,27.501087385123864,56.84102179270061,6.1549928506961695,838.5323486328125,15.988663727230668,54.32357746535692
75,SARAWAK,MIRI,LONG SAIT,3.30537,115.19279,FDS PKB MIRI,Udara,KK LIO MATO,NA,F073,3.30537,115.19279,,TRUE,LIOMATO,K0326,exact normalized name,Klinik Kesihatan Lio Mato,3.169665,115.221629,TRUE,Q25,Long Banga (Long Beruang),115.393507,3.203576,24.99280992680047,UNDER RELOCATION,red,red,0,0,Q21,Bario,56.96487184139308,Q25,Long Banga (Long Beruang),UNDER RELOCATION,24.99280992680047,15.425643127998095,K0337,Klinik Kesihatan Long Lellang,13.561167019527332,59,S059,0,0,NA,7.853180483553676,0.13290221649793804,0.41688433516271356,0,2.4485581151173403,28.27019107782154,NA,NA,site_maps/S059.png,40,32650,100,278.30401611328125,2.4035989306797423,212.4754638671875,1695.8651123046875,1483.3896484375,16.84843313695771,26.39983557849417,58.695189226463306,4.749421977041333,933.8755340576172,15.73901954303673,53.23341939648218
76,SARAWAK,MIRI,RAMUDU,3.54188,115.55391,FDS PKB MIRI,Udara,KK PA DALIH,NA,F074,3.54188,115.55391,,TRUE,PADALIH,K0424,documented name alias,Klinik Kesihatan Pa' Dallih,3.567309,115.553627,TRUE,Q21,Bario,115.46488,3.73976,24.119564363412923,OPEN,red,red,0,0,Q21,Bario,24.119564363412923,Q21,Bario,OPEN,24.119564363412923,2.82775465464607,K0424,Klinik Kesihatan Pa' Dallih,2.82775465464607,60,S060,2,2,0.21831743683316931,0.015696759182266345,0.08710754442055221,0.08710754442055221,50.447340372893,33.85435430650207,83.31767619925293,Klinik Kesihatan Pa' Dallih,2.8277546546460264,site_maps/S060.png,40,32650,100,985.656982421875,1.750514379804778,870.559814453125,1997.4329833984375,1126.8731689453125,14.287494896942285,22.88958906779998,41.88257364498301,1.9368250266186688,506.87200927734375,13.12012454365638,35.093631447251596
77,SARAWAK,MIRI,BA' AJENG,3.17698,115.0128,FDS PKB MIRI,Udara,KK LONG MOH,NA,F075,3.17698,115.0128,,TRUE,LONGMOH,K0340,exact normalized name,Klinik Kesihatan Long Moh,3.056713,115.076194,TRUE,Q25,Long Banga (Long Beruang),115.393507,3.203576,42.37047971943188,UNDER RELOCATION,red,red,0,0,Q19,Long Bedian,75.34354611062841,Q25,Long Banga (Long Beruang),UNDER RELOCATION,42.37047971943188,15.112337995139931,K0340,Klinik Kesihatan Long Moh,15.112337995139931,61,S061,0,0,2.985074814624362,NA,NA,NA,70.7926272350465,0,0,NA,NA,site_maps/S061.png,40,32650,100,251.7290802001953,5.483030626244186,190.89678955078125,1356.79345703125,1165.8966674804688,16.522259365487486,25.788731945849733,57.7081030653944,3.5850816796292726,480.8717803955078,14.366596313191284,47.27155311591863
78,SARAWAK,MIRI,BA' LAMAM,3.20223,115.01969,FDS PKB MIRI,Udara,KK LONG MOH,NA,F076,3.20223,115.01969,,TRUE,LONGMOH,K0340,exact normalized name,Klinik Kesihatan Long Moh,3.056713,115.076194,TRUE,Q25,Long Banga (Long Beruang),115.393507,3.203576,41.5019590044479,UNDER RELOCATION,red,red,0,0,Q19,Long Bedian,73.13092865892806,Q25,Long Banga (Long Beruang),UNDER RELOCATION,41.5019590044479,17.354410866744054,K0340,Klinik Kesihatan Long Moh,17.354410866744054,62,S062,0,0,0.7820160439419204,NA,NA,NA,86.34758959764989,0,0,NA,NA,site_maps/S062.png,40,32650,100,254.1656036376953,9.018274773509283,197.04437255859375,1256.675048828125,1059.6306762695313,16.129972709703818,25.311670474781767,55.31342057629026,3.171979495707991,667.1220550537109,15.427953295857607,52.24401662832465
79,SARAWAK,MIRI,LONG LAMAI,3.172,115.38608,FDS PKB MIRI,Udara,KK LONG BANGA,NA,F077,3.172,115.38608,,TRUE,LONGBANGA,K0328,exact normalized name,Klinik Kesihatan Long Banga,3.20551,115.39137,TRUE,Q25,Long Banga (Long Beruang),115.393507,3.203576,3.6066204856598136,UNDER RELOCATION,red,green,1,1,Q21,Bario,63.73509239165346,Q25,Long Banga (Long Beruang),UNDER RELOCATION,3.6066204856598136,3.7721495636672473,K0328,Klinik Kesihatan Long Banga,3.7721495636672473,63,S063,1,1,3.448255904451571,5.158125449656662,2.8600663629165473,2.8600663629165473,58.61704532508445,10.382632470870117,42.370037290606234,Klinik Kesihatan Long Banga,3.7721495636672038,site_maps/S063.png,40,32650,100,456.8581237792969,13.299629148393835,357.7037353515625,1634.4259033203125,1276.72216796875,17.430905881424255,28.142359228727074,60.3196333140661,6.852037763783679,927.3934936523436,14.754243056700778,47.039599765992214
80,SARAWAK,MIRI,LONG KERONG,3.28565,115.2129,FDS PKB MIRI,Udara,KK LIO MATO,NA,F078,3.28565,115.2129,,TRUE,LIOMATO,K0326,exact normalized name,Klinik Kesihatan Lio Mato,3.169665,115.221629,TRUE,Q25,Long Banga (Long Beruang),115.393507,3.203576,22.029692047696006,UNDER RELOCATION,red,red,0,0,Q21,Bario,57.72205297826321,Q25,Long Banga (Long Beruang),UNDER RELOCATION,22.029692047696006,12.933321142724084,K0326,Klinik Kesihatan Lio Mato,12.933321142724084,64,S064,0,0,8.025657504849715,8.302773979780586,1.1950438892815949,1.1950438892815949,22.74266756672619,2.234795879891063,30.228329709467054,NA,NA,site_maps/S064.png,40,32650,100,274.5782165527344,3.049079380655635,205.0458526611328,1702.9737548828125,1497.9279022216797,17.42254181127565,27.347380740489612,61.46919239037846,5.657526467367055,877.0700836181641,15.23650647706033,49.20010490427485
81,SARAWAK,MIRI,BA' PURAU,2.77181,114.94236,FDS PKB MIRI,Udara,KK LONG JEKITAN,NA,F079,2.77181,114.94236,,TRUE,LONGJEKITAN,K0334,exact normalized name,Klinik Kesihatan Long Jekitan,3.263121,114.859131,TRUE,Q25,Long Banga (Long Beruang),115.393507,3.203576,69.38802352123277,UNDER RELOCATION,red,red,0,0,Q19,Long Bedian,115.98914528748321,Q25,Long Banga (Long Beruang),UNDER RELOCATION,69.38802352123277,55.40756355442633,K0332,Klinik Kesihatan Long Jeeh,23.558496031797443,65,S065,0,0,8.031259459572365,2.7150271553015535,2.1269196171135465,2.1269196171135465,7.777181499134498,22.64358026301449,25.94404181434439,NA,NA,site_maps/S065.png,40,32650,100,370.08697509765625,2.4243423004944513,178.64248657226565,1665.237060546875,1486.5945739746094,17.965844002671393,27.014055044647264,66.58249670418822,4.393570631781767,527.1183013916016,16.09754410131536,56.761501210653755
82,SARAWAK,MIRI,LONG PALAI,3.04275,114.85093,FDS PKB MIRI,Udara,KK LONG JEEH,NA,F080,3.04275,114.85093,,TRUE,LONGJEEH,K0332,exact normalized name,Klinik Kesihatan Long Jeeh,2.98311,114.95786,TRUE,Q25,Long Banga (Long Beruang),115.393507,3.203576,62.840556799885405,UNDER RELOCATION,red,red,0,0,Q19,Long Bedian,84.51760790313318,Q25,Long Banga (Long Beruang),UNDER RELOCATION,62.840556799885405,13.600104028275762,K0332,Klinik Kesihatan Long Jeeh,13.600104028275762,66,S066,0,0,0.4632007807217449,NA,0.12208212223412553,0.34384237828902653,50.382252257531164,0,72.34368501206416,NA,NA,site_maps/S066.png,40,32650,100,141.71656799316406,2.5861491841439865,110.83411407470705,1032.8477783203125,922.0136642456056,17.097197622893272,27.08740644401591,59.45248405317973,5.852914034215944,607.3981475830078,14.908642200522904,49.68330173074595
83,SARAWAK,MIRI,LONG TEBANGAN,3.36562,114.90118,FDS PKB MIRI,Udara,KK LONG LAMA,NA,F081,3.36562,114.90118,,TRUE,LONGLAMA,K0336,exact normalized name,Klinik Kesihatan Long Lama,3.762499,114.405176,TRUE,Q19,Long Bedian,114.730756,3.793308,51.179714331098495,OPEN,red,red,0,0,Q19,Long Bedian,51.179714331098495,Q19,Long Bedian,OPEN,51.179714331098495,70.55249753580574,K0334,Klinik Kesihatan Long Jekitan,12.316208026953385,67,S067,0,0,0.018657329113327046,NA,0.16596397723655543,0.16596397723655543,39.88494925537834,0,32.37658433697213,NA,NA,site_maps/S067.png,40,32650,100,147.41314697265625,6.112169166447247,82.62433624267578,1245.8924560546875,1163.2681198120115,17.342413794292185,26.835584987057693,62.121388836770606,4.714479135501342,913.790672302246,17.982322127331397,65.82865905330696
84,SARAWAK,MIRI,BA' ABANG,3.38636,114.85163,FDS PKB MIRI,Udara,KK LONG LAMA,NA,F082,3.38636,114.85163,,TRUE,LONGLAMA,K0336,exact normalized name,Klinik Kesihatan Long Lama,3.762499,114.405176,TRUE,Q19,Long Bedian,114.730756,3.793308,47.19702979883827,OPEN,red,red,0,0,Q19,Long Bedian,47.19702979883827,Q19,Long Bedian,OPEN,47.19702979883827,64.83983166751386,K0345,Klinik Kesihatan Long San,12.690683795240698,68,S068,0,0,0.015477695094311673,5.5671527413738815,3.830097671003184,3.830097671003184,43.589420526405796,29.366334646656895,28.04949308363616,NA,NA,site_maps/S068.png,40,32650,100,137.90606689453125,0.978555434140037,71.6297378540039,1245.1282958984375,1173.4985580444336,16.549458668969315,25.96353826778877,57.387455446096745,3.71692363853919,748.1787414550781,15.372454881536775,51.517413939222735
85,SARAWAK,MIRI,BA' ITAM,3.46559,114.76565,FDS PKB MIRI,Udara,KK LONG BEDIAN,NA,F083,3.46559,114.76565,,TRUE,LONGBEDIAN,K0329,exact normalized name,Klinik Kesihatan Long Bedian,3.794918,114.732075,TRUE,Q19,Long Bedian,114.730756,3.793308,36.64579537290263,OPEN,red,red,0,0,Q19,Long Bedian,36.64579537290263,Q19,Long Bedian,OPEN,36.64579537290263,36.808717634283994,K0345,Klinik Kesihatan Long San,18.98237098959346,69,S069,0,0,2.054709208628611,0.2142942230562927,3.8378302477861412,3.8378302477861412,64.90183883629358,42.170565481825214,26.430987107921304,NA,NA,site_maps/S069.png,40,32650,100,144.083984375,0.27656495017567406,80.196990966796875,811.55889892578125,731.3619079589844,17.771471904568926,28.137304608422035,62.29534795284574,6.5047534541767025,713.4185485839844,18.651358000380004,66.71240616676084
86,SARAWAK,MIRI,LONG LIAU,3.13207,114.44014,FDS PKB MIRI,Udara,KK LONG SAN,NA,F084,3.13207,114.44014,,TRUE,LONGSAN,K0345,exact normalized name,Klinik Kesihatan Long San,3.29568,114.78221,TRUE,Q31,Sungai Asap,113.928508,3.054613,57.45727339940664,OPEN,red,red,0,0,Q31,Sungai Asap,57.45727339940664,Q31,Sungai Asap,OPEN,57.45727339940664,42.109374393579934,K0341,Klinik Kesihatan Long Naah,27.963425576484525,70,S070,0,0,8.006038959559762,NA,4.584112383511443,4.584112383511443,2.3064391265202135,0,62.415808181814235,NA,NA,site_maps/S070.png,40,32650,100,76.76615905761719,2.9410090090392496,41.29079055786133,1407.754150390625,1366.4633598327637,13.547946495840336,24.760881618854818,39.296126719500265,3.716605061275815,426.85892486572266,14.213556898639236,43.57474278797661
87,SARAWAK,MIRI,LONG BUKEN,3.19891,114.42315,FDS PKB MIRI,Udara,KK LONG LOYANG,NA,F085,3.19891,114.42315,,TRUE,LONGLOYANG,K0338,exact normalized name,Klinik Kesihatan Long Loyang,3.448402,114.116675,TRUE,Q31,Sungai Asap,113.928508,3.054613,57.21571550575472,OPEN,red,red,0,0,Q31,Sungai Asap,57.21571550575472,Q31,Sungai Asap,OPEN,57.21571550575472,43.89845745665405,K0341,Klinik Kesihatan Long Naah,24.10453006402,71,S071,0,0,5.033511653642689,8.129800785455535,0.05763699083437011,0.05763699083437011,29.5392236701801,0.15280316587464268,101.88921761691613,NA,NA,site_maps/S071.png,40,32650,100,52.35128402709961,2.2461446443859945,30.32558822631836,1356.0284423828125,1325.702854156494,14.024952918079713,25.649253517994104,40.63956111930801,4.593137925964235,356.0557098388672,12.939595822925924,35.72480878287018
88,SARAWAK,MIRI,LONG BALAU,4.03713,115.10135,FDS PKB MIRI,Udara,KK LONG SERIDAN,NA,F086,4.03713,115.10135,,TRUE,LONGSERIDAN,K0347,exact normalized name,Klinik Kesihatan Long Seridan,3.973911,115.069158,TRUE,Q19,Long Bedian,114.730756,3.793308,49.24682314526072,OPEN,red,red,0,0,Q19,Long Bedian,49.24682314526072,Q19,Long Bedian,OPEN,49.24682314526072,7.884595283420637,K0347,Klinik Kesihatan Long Seridan,7.884595283420637,72,S072,1,0,2.4433664941346773,0.048487780943869865,6.525437235273938,6.525437235273938,42.49390853281846,79.6992160050619,39.031721139836236,Klinik Kesihatan Long Seridan,7.884595283420637,site_maps/S072.png,40,32650,100,240.55894470214844,7.766862178122132,182.03549194335935,1577.6309814453125,1395.5954895019531,18.44830147259597,30.893725659250062,62.575355801065754,11.596554294203244,584.7333679199219,15.118535056384532,47.21431886514519
89,SARAWAK,MIRI,PA LUNGAN,3.81003,115.52229,FDS PKB MIRI,Udara,KK BARIO,NA,F087,3.81003,115.52229,,TRUE,BARIO,K0185,exact normalized name,Klinik Kesihatan Bario,3.74052,115.46723,TRUE,Q21,Bario,115.46488,3.73976,10.081106683928432,OPEN,red,red,0,0,Q21,Bario,10.081106683928432,Q21,Bario,OPEN,10.081106683928432,9.851973995688091,K0185,Klinik Kesihatan Bario,9.851973995688091,73,S073,5,0,0.16684752543530249,5.263667672635671,3.554541028960332,3.554541028960332,36.531216960381514,12.446706867931495,24.53811598416672,Immigration Office,9.66825757947755,site_maps/S073.png,40,32650,100,1085.3935546875,2.365278983496788,1048.1629638671875,2091.7958984375,1043.6329345703125,13.156463851664585,23.043978415352314,38.54102757819908,1.8081238813310956,683.4554443359375,13.495836440556635,41.52142338416848
90,SARAWAK,MIRI,LONG LUBANG,3.69563,115.27865,FDS PKB MIRI,Udara,KK BARIO,NA,F088,3.69563,115.27865,,TRUE,BARIO,K0185,exact normalized name,Klinik Kesihatan Bario,3.74052,115.46723,TRUE,Q21,Bario,115.46488,3.73976,21.23892111717638,OPEN,red,red,0,0,Q21,Bario,21.23892111717638,Q21,Bario,OPEN,21.23892111717638,21.51215191862399,K0185,Klinik Kesihatan Bario,21.51215191862399,74,S074,0,0,7.921731485463591,0.06613747522928864,5.386812029110679,5.386812029110679,16.44256051425298,61.843120443851284,31.399109421014604,NA,NA,site_maps/S074.png,40,32650,100,560.4554443359375,5.807280683792471,325.7886962890625,1922.3243408203125,1596.53564453125,19.832443475428327,30.622131641057607,71.32245191844517,11.174493071084136,980.6568603515624,18.3547391597974,64.69045649849716
91,SARAWAK,MIRI,BA' PAKAN,3.5524,114.88093,FDS PKB MIRI,Udara,KK LONG BEDIAN,NA,F089,3.5524,114.88093,,TRUE,LONGBEDIAN,K0329,exact normalized name,Klinik Kesihatan Long Bedian,3.794918,114.732075,TRUE,Q19,Long Bedian,114.730756,3.793308,31.548132429655865,OPEN,red,red,0,0,Q19,Long Bedian,31.548132429655865,Q19,Long Bedian,OPEN,31.548132429655865,31.62358003019247,K0335,Klinik Kesihatan Long Kevok,27.90851060576547,75,S075,0,0,0.15959204636917326,8.38747360073795,4.266074779298795,4.266074779298795,77.9925860685207,1.1012182059147044,36.2449351263939,NA,NA,site_maps/S075.png,40,32650,100,316.69244384765625,14.80324154557592,157.64566040039065,1305.9630126953125,1148.317352294922,16.103583252468358,25.761754347223075,53.712634061002504,3.530843538449836,793.2727508544922,15.163686533316287,48.227365362497224
92,SARAWAK,MIRI,LONG KAWI,3.46042,114.7445,FDS PKB MIRI,Udara,KK LONG BEDIAN,NA,F090,3.46042,114.7445,,TRUE,LONGBEDIAN,K0329,exact normalized name,Klinik Kesihatan Long Bedian,3.794918,114.732075,TRUE,Q19,Long Bedian,114.730756,3.793308,37.046924048569764,OPEN,red,red,0,0,Q19,Long Bedian,37.046924048569764,Q19,Long Bedian,OPEN,37.046924048569764,37.22008727698738,K0345,Klinik Kesihatan Long San,18.790449957985405,76,S076,0,0,0.1402813929462134,0.23892569068574096,1.87659075654528,1.87659075654528,50.710764630539096,39.76233991027298,28.85880269537571,NA,NA,site_maps/S076.png,40,32650,100,380.7611999511719,21.074326850681153,79.24895477294922,810.91192626953125,731.662971496582,18.293839964739625,28.89737797733943,64.35152086724165,7.842898647723643,543.0664978027344,19.062392696674394,67.41337208128998
93,SARAWAK,MIRI,MANDAMOT,3.77819,115.29253,FDS PKB MIRI,Udara,KK BARIO,NA,F091,3.77819,115.29253,,TRUE,BARIO,K0185,exact normalized name,Klinik Kesihatan Bario,3.74052,115.46723,TRUE,Q21,Bario,115.46488,3.73976,19.594872210541677,OPEN,red,red,0,0,Q21,Bario,19.594872210541677,Q21,Bario,OPEN,19.594872210541677,19.83139445902988,K0185,Klinik Kesihatan Bario,19.83139445902988,77,S077,0,0,7.9573243213680644,4.728283064804539,3.639804066273336,3.639804066273336,7.855233109950993,47.34823149688677,13.398097584615478,NA,NA,site_maps/S077.png,40,32650,100,560.53546142578125,6.6975073060827865,340.1148681640625,2011.470947265625,1671.3560791015625,20.15686297473371,29.922188450727216,75.16339537878827,9.837694768812652,1011.1587829589844,19.79200520263947,74.44130697862042
94,SARAWAK,MIRI,LONG SERIDAN,3.9776,115.06846,FDS PKB MIRI,Udara,KK LONG SERIDAN,NA,F092,3.9776,115.06846,,TRUE,LONGSERIDAN,K0347,exact normalized name,Klinik Kesihatan Long Seridan,3.973911,115.069158,TRUE,Q19,Long Bedian,114.730756,3.793308,42.70294045502963,OPEN,red,red,0,0,Q19,Long Bedian,42.70294045502963,Q19,Long Bedian,OPEN,42.70294045502963,0.4174422103515407,K0347,Klinik Kesihatan Long Seridan,0.4174422103515407,78,S078,2,2,0.08312593368051625,0.27620322497851807,0.024983523561993543,0.09734464406207838,33.43027116758932,99.96594950583179,59.604784685744875,Klinik Kesihatan Long Seridan,0.4174422103515407,site_maps/S078.png,40,32650,100,190.80905151367188,3.476302654663922,140.5472412109375,1231.6864013671875,1091.13916015625,18.19952041618444,30.74542320802272,60.86209169548419,11.48475291302011,566.5056457519531,15.084311070464262,46.98168025179566
95,SARAWAK,MIRI,BA LAI,3.32322,115.33517,FDS PKB MIRI,Udara,KK LONG BANGA,NA,F093,3.32322,115.33517,,TRUE,LONGBANGA,K0328,exact normalized name,Klinik Kesihatan Long Banga,3.20551,115.39137,TRUE,Q25,Long Banga (Long Beruang),115.393507,3.203576,14.796413632339133,UNDER RELOCATION,red,red,0,0,Q21,Bario,48.50278115190442,Q25,Long Banga (Long Beruang),UNDER RELOCATION,14.796413632339133,14.499705476541637,K0328,Klinik Kesihatan Long Banga,14.499705476541637,79,S079,0,0,3.648574585310573,NA,5.468528340669531,5.468528340669531,28.105354093221354,0,22.621952574793344,NA,NA,site_maps/S079.png,40,32650,100,602.58917236328125,3.651972295031748,381.257080078125,1896.875732421875,1515.61865234375,17.696401312566344,26.6222766159506,64.4065304466866,4.352279065050955,742.1600952148436,17.281082528154727,63.25603923230611
96,SARAWAK,MIRI,LONG BANGA,3.20344,115.40151,FDS PKB MIRI,Udara,KK LONG BANGA,NA,F094,3.20344,115.40151,,TRUE,LONGBANGA,K0328,exact normalized name,Klinik Kesihatan Long Banga,3.20551,115.39137,TRUE,Q25,Long Banga (Long Beruang),115.393507,3.203576,0.8886324815568323,UNDER RELOCATION,green,green,1,1,Q21,Bario,60.0494877537136,Q25,Long Banga (Long Beruang),UNDER RELOCATION,0.8886324815568323,1.1490452951720793,K0328,Klinik Kesihatan Long Banga,1.1490452951720793,80,S080,1,1,0.04263390785558958,1.9448320654301694,0.045118121984350217,0.29926684350472316,69.5066423387301,15.351854981441464,46.57418404703037,Klinik Kesihatan Long Banga,1.1490452951720707,site_maps/S080.png,40,32650,100,435.5369262695313,1.9466904252189139,373.9053955078125,1825.786865234375,1451.8814697265625,16.80359355611097,27.424855001048304,56.948726269673855,6.049204932662664,672.3531188964844,13.057707726218258,36.68220056890395
97,SARAWAK,MIRI,APAU NYARING,3.06238,114.51657,FDS PKB MIRI,Udara,KK LONG SAN,NA,F095,3.06238,114.51657,,TRUE,LONGSAN,K0345,exact normalized name,Klinik Kesihatan Long San,3.29568,114.78221,TRUE,Q31,Sungai Asap,113.928508,3.054613,65.30218190720201,OPEN,red,red,0,0,Q31,Sungai Asap,65.30218190720201,Q31,Sungai Asap,OPEN,65.30218190720201,39.278225561843215,K0341,Klinik Kesihatan Long Naah,30.949726880423125,81,S081,0,0,0.026485569255975575,4.969531152566592,2.3032320670361046,2.3032320670361046,17.072220957792023,8.067890402123687,24.215356551580324,NA,NA,site_maps/S081.png,40,32650,100,496.94927978515625,6.400578152148008,97.23399353027344,1191.8690185546875,1094.635025024414,14.27417423121268,26.310368668416128,42.92544669113919,5.103230778591275,595.13214111328125,12.60982602550704,35.97650810308987
98,SARAWAK,MIRI,LONG DANO,3.59398,115.52839,FDS PKB MIRI,Udara,KK BARIO,NA,F096,3.59398,115.52839,,TRUE,BARIO,K0185,exact normalized name,Klinik Kesihatan Bario,3.74052,115.46723,TRUE,Q21,Bario,115.46488,3.73976,17.675764421159325,OPEN,red,red,0,0,Q21,Bario,17.675764421159325,Q21,Bario,OPEN,17.675764421159325,17.651399136407086,K0519,Klinik Kesihatan Tang Lapadan,3.9045396982925853,82,S082,2,2,0.02442385276561756,1.6070413565245352,0.553632027316556,0.553632027316556,48.096770331725025,48.45899586190807,56.20565364271534,Klinik Kesihatan Tang Lapadan,3.9045396982926164,site_maps/S082.png,40,32650,100,957.5918579101564,3.4541429022339876,885.3216552734375,1711.512451171875,826.1907958984375,13.59387393002437,21.5412690844062,38.338243422086784,1.2088452586797016,666.77484130859375,12.678367583604592,33.30711202549518
99,SARAWAK,TELANG USAN,DATA BILA (PENAN),3.323525,115.084994,FDS PKB MIRI,Udara,KK LIO MATO,NA,F097,3.323525,115.084994,,TRUE,LIOMATO,K0326,exact normalized name,Klinik Kesihatan Lio Mato,3.169665,115.221629,TRUE,Q25,Long Banga (Long Beruang),115.393507,3.203576,36.7549058727229,UNDER RELOCATION,red,red,0,0,Q21,Bario,62.60755277751546,Q25,Long Banga (Long Beruang),UNDER RELOCATION,36.7549058727229,22.864625843651776,K0337,Klinik Kesihatan Long Lellang,13.262937169003846,83,S083,0,0,0.05680095174561275,NA,0.11541963710718303,NA,48.271443782599874,0,5.467562063088605,NA,NA,site_maps/S083.png,40,32650,100,582.3231201171875,4.145081804849775,275.1183776855469,1633.9814453125,1358.8630676269531,15.0570094140078,23.433622451449445,49.08556217518063,2.039802256306249,879.3213806152344,13.731210864233244,41.059469055111755
100,SARAWAK,LIMBANG,PA' BERUNUT,4.201865,115.455342,FDS (P) PKD LIMBANG,Udara,KK LONG SEMADOH,100,F098,4.201865,115.455342,,TRUE,LONGSEMADOH,K0346,exact normalized name,Klinik Kesihatan Long Semadoh,4.215724,115.589957,TRUE,Q16,Ba’kelalan,115.6233,3.9856,30.41885025734051,OPEN,red,red,0,0,Q16,Ba’kelalan,30.41885025734051,Q16,Ba’kelalan,OPEN,30.41885025734051,15.007493341604526,K0346,Klinik Kesihatan Long Semadoh,15.007493341604526,84,S084,0,0,0.024108066984935752,0.46269652600071287,2.40570201856289,2.40570201856289,45.50720954208179,19.962134692812363,27.359006099916144,NA,NA,site_maps/S084.png,40,32650,100,650.94219970703125,1.6448842962590522,511.78509521484375,1630.8558349609375,1119.0707397460938,14.966059308504605,24.185623741702425,44.17920739869387,3.019916440189835,770.38623046875,13.085868492688451,31.1123214717986
101,SARAWAK,LIMBANG,SG. ADANG,4.075249,115. 317910,FDS (P) PKD LIMBANG,Udara,PKB LIMBANG,200,F099,4.075249,115.31791,,TRUE,PKBLIMBANG,NA,unmatched,NA,NA,NA,NA,Q16,Ba’kelalan,115.6233,3.9856,35.31022136353593,OPEN,red,red,0,0,Q16,Ba’kelalan,35.31022136353593,Q16,Ba’kelalan,OPEN,35.31022136353593,NA,K0347,Klinik Kesihatan Long Seridan,29.804048260980288,85,S085,0,0,0.23767393499969447,1.7355209879543199,0.1724036572470428,0.1724036572470428,30.927053055302085,77.83134434462453,82.04670749727933,NA,NA,site_maps/S085.png,40,32650,100,318.969482421875,4.068190292753013,273.6416015625,1390.3134765625,1116.671875,19.492452325966955,30.58115472823131,69.03389357872588,11.072578396329252,690.37799072265625,16.869523639366722,59.43590364362667
102,SABAH,KOTA MARUDU,SONSONGAN MAKATOL,6.4209,116.7727,NA,NA,NA,NA,F100,6.4209,116.7727,,TRUE,NA,NA,missing named KK,NA,NA,NA,NA,S13,Kampung Ranau,116.7476,6.50598,9.858581063742784,OPEN,red,yellow,0,1,S13,Kampung Ranau,9.858581063742784,S13,Kampung Ranau,OPEN,9.858581063742784,NA,K0359,Klinik Kesihatan Marak Parak,12.421016178952009,86,S086,17,2,0.3477738600665397,0.3490561352778299,1.11529308274783,1.11529308274783,370.43417795990274,69.67463201380268,133.1546027007299,SK Sunsui,3.8671470345964076,site_maps/S086.png,40,32650,100,474.3003234863281,13.86553601556246,-1.503478765487671,1018.4505615234376,1019.9540402889252,12.22361393024526,24.101607010498626,37.10546730417235,2.6101902883479444,643.6974515914917,14.134076852168272,43.67120524457892
103,SABAH,NABAWAN,PANGARAAN,4.734,116.22106,NA,NA,NA,NA,F101,4.734,116.22106,,TRUE,NA,NA,missing named KK,NA,NA,NA,NA,S110,Kampung Lotong,116.4496,4.71429,25.420848816311818,OPEN,red,red,0,0,S110,Kampung Lotong,25.420848816311818,S110,Kampung Lotong,OPEN,25.420848816311818,NA,K0477,Klinik Kesihatan Sepulot,29.470081867168314,87,S087,1,0,0.01627459439809031,7.80120105761571,0.1190629305679971,0.1190629305679971,54.239871435516896,2.3866726866817167,33.811160291495476,SK Pohon Batu,7.220082950323843,site_maps/S087.png,40,32650,100,312.88958740234375,2.4239983220392443,239.5923614501953,1598.9886474609375,1359.3962860107422,17.039241536718006,26.535360038830525,59.10879441830278,4.53867840337498,996.071746826172,15.753735069351585,51.94836627672449
104,SABAH,PENAMPANG,BUAYAN,5.9,116.3,NA,NA,NA,NA,F102,5.9,116.3,At least one coordinate has <=2 stored decimal places; verify precision,TRUE,NA,NA,missing named KK,NA,NA,NA,NA,S48,Pekan Babagon,116.18576,5.90378,12.642584424054006,OPEN,red,red,0,0,S48,Pekan Babagon,12.642584424054006,S48,Pekan Babagon,OPEN,12.642584424054006,NA,K0543,Klinik Kesihatan Tombongan,12.509474123758736,88,S088,2,0,2.758714686853643,3.2177351734031268,1.7979236786160753,1.7979236786160753,120.7500753642337,28.89972078009696,90.48755459279667,Klinik Desa Moyog,7.341284221780247,site_maps/S088.png,40,32650,100,1021.5676879882813,21.922039972462,105.11215209960938,1966.050537109375,1860.9383850097656,22.18055910795925,30.44242876693003,85.8106189664963,11.34501500770666,1387.3074951171875,22.547198857525892,88.17855268999475
105,SABAH,PENAMPANG,KALANGGAAN,5.95,116.28,NA,NA,NA,NA,F103,5.95,116.28,At least one coordinate has <=2 stored decimal places; verify precision,TRUE,NA,NA,missing named KK,NA,NA,NA,NA,S48,Pekan Babagon,116.18576,5.90378,11.621228707679675,OPEN,red,red,0,0,S48,Pekan Babagon,11.621228707679675,S48,Pekan Babagon,OPEN,11.621228707679675,NA,K0543,Klinik Kesihatan Tombongan,6.758670510664929,89,S089,3,0,1.150538627658378,2.0675509079636885,1.5797961044540005,1.7223969831214705,176.86780099140697,68.32204932015532,103.35299128998075,Klinik Kesihatan Tombongan,6.758670510664929,site_maps/S089.png,40,32650,100,731.634033203125,25.68713676933005,83.56421661376953,1468.7821044921875,1385.217887878418,20.823042888712084,29.205955035343667,80.99192828749898,7.8775249452421505,965.9776306152344,21.39181090653257,83.2072464645242
106,SABAH,PENAMPANG,LONGKOGUNGON,5.7875788,116.2886155,NA,NA,NA,NA,F104,5.7875788,116.2886155,,TRUE,NA,NA,missing named KK,NA,NA,NA,NA,S63,Kg. Toboh,116.39063,5.70326,14.67283329725111,OPEN,red,red,0,0,S63,Kg. Toboh,14.67283329725111,S63,Kg. Toboh,OPEN,14.67283329725111,NA,K0510,Klinik Kesihatan Sunsuron,10.743349625500503,90,S090,3,0,5.127943961011814,5.290762982010481,1.1320721064864954,1.1320721064864954,51.72516318456609,9.000809917590102,40.26702185074682,Unnamed community_centre,9.6548613984407,site_maps/S090.png,40,32650,100,601.84991455078125,10.089852947715674,265.1529541015625,2075.436767578125,1810.2838134765625,22.14186743542982,30.155756881114492,86.29991126885537,10.44695145138801,1303.6078186035156,22.710416855087463,87.82185809992735
107,SABAH,PENSIANGAN,KARAMPALON,4.52575,116.24919,NA,NA,NA,NA,F105,4.52575,116.24919,,TRUE,NA,NA,missing named KK,NA,NA,NA,NA,S110,Kampung Lotong,116.4496,4.71429,30.543430901134222,OPEN,red,red,0,0,S110,Kampung Lotong,30.543430901134222,S110,Kampung Lotong,OPEN,30.543430901134222,NA,K0477,Klinik Kesihatan Sepulot,32.90834401136584,91,S091,4,1,4.539051158752093,NA,0.06788491577794024,0.06788491577794024,19.240901736107613,0,73.28648639326364,Sekolah Kuala Sibangali,2.2990479344619397,site_maps/S091.png,40,32650,100,186.0923767089844,0.783486006499414,147.4522705078125,954.6363525390624,807.18408203125,17.49052139264931,26.00973994843168,64.81179142920882,3.1395136593181494,479.0198364257813,16.64870603593945,59.719980632666235
108,SABAH,RANAU,PANULONGON,5.93,116.53,NA,NA,NA,NA,F106,5.93,116.53,At least one coordinate has <=2 stored decimal places; verify precision,TRUE,NA,NA,missing named KK,NA,NA,NA,NA,S33,Kampung Mesilou,116.59725,6.01308,11.859831813540975,OPEN,red,red,0,0,S33,Kampung Mesilou,11.859831813540975,S33,Kampung Mesilou,OPEN,11.859831813540975,NA,K0211,Klinik Kesihatan Bundu Tuhan,5.808642744202218,92,S092,14,4,0.5230502403626627,1.074357304051356,0.5439558067332055,5.1481761395128665,353.44950634680686,133.6341227226275,106.98633904054478,Klinik Desa Terolobou,3.138293964985193,site_maps/S092.png,40,32650,100,1054.6151123046875,33.40005704534504,478.9083862304687,1797.5498046875,1318.6414184570313,20.35845583519925,28.80411704813706,78.56266415178527,6.994006875361261,1016.4457397460938,20.85268414323933,79.70628580650367
109,SABAH,PENSIANGAN,SALILIRAN,4.4043414,116.2214242,NA,NA,NA,NA,F107,4.4043414,116.2214242,,TRUE,NA,NA,missing named KK,NA,NA,NA,NA,S110,Kampung Lotong,116.4496,4.71429,42.749161082858244,OPEN,red,red,0,0,S110,Kampung Lotong,42.749161082858244,S110,Kampung Lotong,OPEN,42.749161082858244,NA,K0477,Klinik Kesihatan Sepulot,44.43311710477317,93,S093,2,2,NA,NA,0.0596942959324189,0.0596942959324189,0,0,46.401869517453996,Balai Budaya Saliliran,0.02454605865590633,site_maps/S093.png,40,32650,100,304.21234130859375,4.2435892242836655,166.3246307373047,1108.890869140625,942.5662384033204,18.42542767248649,27.705715667509764,67.5710620519009,5.471499122815913,763.0469818115234,18.17812069548346,67.42722265932338
110,SABAH,PENSIANGAN,KABU,4.359619,116.144915,NA,NA,NA,NA,F108,4.359619,116.144915,,TRUE,NA,NA,missing named KK,NA,NA,NA,NA,S110,Kampung Lotong,116.4496,4.71429,51.92267095921307,OPEN,red,red,0,0,S110,Kampung Lotong,51.92267095921307,S110,Kampung Lotong,OPEN,51.92267095921307,NA,K0343,Klinik Kesihatan Long Pasia,46.138039209014345,94,S094,2,0,NA,NA,0.08233285093851937,0.3074685316261717,0,0,56.214448225671944,Balai Budaya Saliliran,9.820796885480416,site_maps/S094.png,40,32650,100,268.7294921875,3.4159689242501514,154.30743408203125,1316.5450439453125,1162.2376098632813,18.442346948068977,28.262402675813163,66.08492838129041,6.739003676004564,923.4366149902344,18.244330513688627,63.66534829284042
111,SABAH,NABAWAN,POHON BATU,4.7903,116.18864,NA,NA,NA,NA,F109,4.7903,116.18864,,TRUE,NA,NA,missing named KK,NA,NA,NA,NA,S110,Kampung Lotong,116.4496,4.71429,30.12755381334944,OPEN,red,red,0,0,S110,Kampung Lotong,30.12755381334944,S110,Kampung Lotong,OPEN,30.12755381334944,NA,K0292,Klinik Kesihatan Kemabong,31.57143389531297,95,S095,4,1,0.17244584398409757,4.3919502086192335,0.028352316493847746,0.028352316493847746,68.90104507958753,17.516267630605935,58.78803567554152,SK Pohon Batu,0.15378439982251,site_maps/S095.png,40,32650,100,538.0013427734375,8.063600674216548,296.9042663574219,1447.1126708984375,1150.2084045410156,16.986249106036272,25.90672721287281,60.74211916701737,3.2978566973770276,1101.3849792480469,17.527859445783992,64.81567424685728
112,SABAH,NABAWAN,BINANON,4.82797,116.22329,NA,NA,NA,NA,F110,4.82797,116.22329,,TRUE,NA,NA,missing named KK,NA,NA,NA,NA,S110,Kampung Lotong,116.4496,4.71429,28.08309647570561,OPEN,red,red,0,0,S110,Kampung Lotong,28.08309647570561,S110,Kampung Lotong,OPEN,28.08309647570561,NA,K0477,Klinik Kesihatan Sepulot,32.09956503999073,96,S096,5,2,0.03481465614641302,0.14597575716414732,0.05283670142137183,0.05283670142137183,93.6640913781355,29.14912564668975,78.84510290919158,Sekolah Binanun,0.0047770614092301515,site_maps/S096.png,40,32650,100,495.342529296875,6.675702211293497,324.58026123046875,1448.10986328125,1123.5296020507813,16.49967993357925,25.51058037949615,57.761269712489224,3.0865574768013793,729.73602294921875,15.511283563764522,53.05710769975591
113,SABAH,NABAWAN,NANGKAWANGAN,4.8503231,116.2437013,NA,NA,NA,NA,F111,4.8503231,116.2437013,,TRUE,NA,NA,missing named KK,NA,NA,NA,NA,S110,Kampung Lotong,116.4496,4.71429,27.374010331047092,OPEN,red,red,0,0,S110,Kampung Lotong,27.374010331047092,S110,Kampung Lotong,OPEN,27.374010331047092,NA,K0477,Klinik Kesihatan Sepulot,31.276279978922982,97,S097,5,3,0.018442935555748875,0.19112464788632816,0.09588476020561117,0.09588476020561117,90.81129886472806,33.62903311434524,74.00284493831782,SK Nangkawangan,0.13774343621699212,site_maps/S097.png,40,32650,100,484.3067321777344,2.447518967262256,367.5461120605469,1276.978271484375,909.432159423828,16.348228749076554,25.499294290253125,56.63029368813889,3.157451728054519,522.1954345703125,15.046902629590669,50.092790575705
114,SABAH,NABAWAN,BANTUL,4.34677,116.43053,NA,NA,NA,NA,F112,4.34677,116.43053,,TRUE,NA,NA,missing named KK,NA,NA,NA,NA,S110,Kampung Lotong,116.4496,4.71429,40.92105797336454,OPEN,red,red,0,0,S110,Kampung Lotong,40.92105797336454,S110,Kampung Lotong,OPEN,40.92105797336454,NA,K0477,Klinik Kesihatan Sepulot,40.301838566854734,98,S098,1,0,0.1438215227590175,4.304613481587746,0.7452052689522708,0.7452052689522708,25.614190864084165,14.765236596724106,50.99310447814987,Kantor Kecamatan Lumbis Pansiangan,5.080142160423542,site_maps/S098.png,40,32650,100,310.5838623046875,6.930450463258638,78.89031219482422,965.97003173828125,887.079719543457,20.327896984857933,29.1561091204199,78.26633675414757,7.995984261550318,866.1326522827148,20.6649761480754,78.94142326932386
115,SABAH,KOTA MARUDU,SONSOGON MUGIS,6.2732,116.793,NA,NA,NA,NA,F113,6.2732,116.793,,TRUE,NA,NA,missing named KK,NA,NA,NA,NA,S26,Kampung Desa Aman,116.86051,6.11293,19.320778113937447,UNDER RELOCATION,red,red,0,0,S13,Kampung Ranau,26.365706259446046,S26,Kampung Desa Aman,UNDER RELOCATION,19.320778113937447,NA,K0359,Klinik Kesihatan Marak Parak,7.837714254635559,99,S099,3,1,1.060619576761367,3.0436862355108865,0.6963707966679574,0.6963707966679574,83.31332623654353,65.76740259780951,83.28909226424612,SK Melangkap,2.1440043127232373,site_maps/S099.png,40,32650,100,364.7999572753906,11.859690677528086,91.9687728881836,1149.887451171875,1057.9186782836914,14.54776941682892,23.85887658600319,45.99811389632514,1.9697614991482113,856.4864807128906,15.60985665095636,52.02364619481882
