candidate_id,candidate_name,candidate_type,source,source_url,public_ownership_evidence,coordinate_basis,name_key,duplicate_of,country_boundary_flag,distance_to_fds_km,rank_by_distance,label,elevation_m,slope_deg,nearest_mapped_road_km,nearest_track_km,nearest_waterway_km,nearest_mapped_road_name,nearest_road_surface,nearest_road_access_tag,straightline_waterway_intersections,within_fds_5km,site_id,fds_name,state,longitude,latitude,feasibility
K0408,Klinik Kesihatan Nanga Patoh,Klinik Kesihatan,Supplied health-facility register,data/kk_list.xlsx#Sheet1!row=2490,health-facility register; confirm property and operating status,supplied register coordinates,NANGAPATOH,NA,within Malaysia or boundary tolerance,4.806006526498423,1,C01,102.20064544677734,12.39127254486084,0.24748708364232844,2.5619031973809876,0.0770727744085366,,,,2,TRUE,S001,NANGA BAWI,SARAWAK,111.83277,1.3359219999999998,Candidate for field review; conversion suitability unverified
OSM_way/1529281236,SK Menyebat,school,OpenStreetMap / Geofabrik,https://www.openstreetmap.org/way/1529281236,public/government OSM tag,OSM point or point on mapped facility footprint,MENYEBAT,NA,within Malaysia or boundary tolerance,8.639722254421292,2,C02,65.92736053466797,6.7921905517578125,4.538679630230149,0.4136599517129505,0.05845825554455405,,,,2,FALSE,S001,NANGA BAWI,SARAWAK,111.82285097385669,1.2923908172341452,Candidate for field review; conversion suitability unverified
K0411,Klinik Kesihatan Nanga Stamang,Klinik Kesihatan,Supplied health-facility register,data/kk_list.xlsx#Sheet1!row=2493,health-facility register; confirm property and operating status,supplied register coordinates,NANGASTAMANG,NA,within Malaysia or boundary tolerance,8.946002866417036,3,C03,146.25741577148438,9.842660903930664,12.404990190609213,0.08143732364830428,0.05083997198832558,,,,1,FALSE,S001,NANGA BAWI,SARAWAK,111.94352,1.3129899999999999,Candidate for field review; conversion suitability unverified
OSM_way/1529281237,SK Nanga Tibu,school,OpenStreetMap / Geofabrik,https://www.openstreetmap.org/way/1529281237,public/government OSM tag,OSM point or point on mapped facility footprint,NANGATIBU,NA,within Malaysia or boundary tolerance,9.10892244545191,4,C04,131.61709594726563,9.328667640686035,12.11916658109412,0.14619849834677223,0.04704850899127026,,,,2,FALSE,S001,NANGA BAWI,SARAWAK,111.93833154866958,1.3023061021438407,Candidate for field review; conversion suitability unverified
K0293,Klinik Kesihatan Kemalih,Klinik Kesihatan,Supplied health-facility register,data/kk_list.xlsx#Sheet1!row=2236,health-facility register; confirm property and operating status,supplied register coordinates,KEMALIH,NA,within Malaysia or boundary tolerance,8.99021910126303,1,C01,105.25508880615234,1.8813458681106567,0.0696513634902062,0.22292327719892002,0.01761086281780359,,,,1,FALSE,S002,"RH. LIDOM, SG PAYA, MENJUAU",SARAWAK,111.82094,1.6498399999999998,Candidate for field review; conversion suitability unverified
K0392,Klinik Kesihatan Nanga Entalau,Klinik Kesihatan,Supplied health-facility register,data/kk_list.xlsx#Sheet1!row=2474,health-facility register; confirm property and operating status,supplied register coordinates,NANGAENTALAU,NA,within Malaysia or boundary tolerance,6.918751200952197,1,C01,97.5183334350586,1.9087915420532227,0.10326444043713913,0.30095734184280665,0.14853367204527174,,,,1,FALSE,S003,"RH. RIMONG, BEGANTONG, ULU SKRANG",SARAWAK,111.790157,1.4565,Candidate for field review; conversion suitability unverified
K0411,Klinik Kesihatan Nanga Stamang,Klinik Kesihatan,Supplied health-facility register,data/kk_list.xlsx#Sheet1!row=2493,health-facility register; confirm property and operating status,supplied register coordinates,NANGASTAMANG,NA,within Malaysia or boundary tolerance,9.486120321451185,1,C01,142.48193359375,8.005819320678711,NA,0.08143732364830428,0.05083997198832558,NA,NA,NA,2,FALSE,S004,"RH. BADA, NG. TALONG, ULU ENGKARI",SARAWAK,111.94352,1.3129899999999999,Candidate for field review; conversion suitability unverified
OSM_node/12989046761,Pos Malaysia Lingga,post_office,OpenStreetMap / Geofabrik,https://www.openstreetmap.org/node/12989046761,ownership not recorded; verify,OSM point or point on mapped facility footprint,POSMALAYSIALINGGA,NA,within Malaysia or boundary tolerance,7.589340902120279,1,C01,7.737441062927246,1.0537439584732056,0.017217230686867178,0.34089357523237634,0.6397097728526939,,,,1,FALSE,S005,"RH. MAMUT, LANGGIR, ULU LINGGA",SARAWAK,111.171618,1.3517621000000004,Candidate for field review; conversion suitability unverified
OSM_node/12989046760,Pejabat Daerah Kecil Lingga,government office,OpenStreetMap / Geofabrik,https://www.openstreetmap.org/node/12989046760,government office tag,OSM point or point on mapped facility footprint,PEJABATDAERAHKECILLINGGA,NA,within Malaysia or boundary tolerance,7.592125756347408,2,C02,7.737441062927246,1.0537439584732056,0.013817437203625223,0.3375836728315475,0.6410465594294505,,,,1,FALSE,S005,"RH. MAMUT, LANGGIR, ULU LINGGA",SARAWAK,111.1716675,1.3517797999999996,Candidate for field review; conversion suitability unverified
OSM_node/12987001361,Stesen Meteorologi Auksiliari (AAWS) Lingga,government office,OpenStreetMap / Geofabrik,https://www.openstreetmap.org/node/12987001361,government office tag,OSM point or point on mapped facility footprint,STESENMETEOROLOGIAUKSILIARIAAWSLINGGA,NA,within Malaysia or boundary tolerance,7.594358142501576,3,C03,6.690124034881592,1.2417186498641968,0.03821940918882339,0.33857658290353904,0.6223259414866628,,,,1,FALSE,S005,"RH. MAMUT, LANGGIR, ULU LINGGA",SARAWAK,111.17144139999999,1.3518347000000002,Candidate for field review; conversion suitability unverified
K0324,Klinik Kesihatan Lingga,Klinik Kesihatan,Supplied health-facility register,data/kk_list.xlsx#Sheet1!row=2354,health-facility register; confirm property and operating status,supplied register coordinates,LINGGA,NA,within Malaysia or boundary tolerance,7.639210701982383,4,C04,5.8302178382873535,1.5607852935791016,0.03959070433678506,0.5760079691126014,0.3074802863222778,,,,1,FALSE,S005,"RH. MAMUT, LANGGIR, ULU LINGGA",SARAWAK,111.1676,1.35271,Candidate for field review; conversion suitability unverified
OSM_node/12989046765,SJK (C) Chung Hua Lingga,school,OpenStreetMap / Geofabrik,https://www.openstreetmap.org/node/12989046765,ownership not recorded; verify,OSM point or point on mapped facility footprint,SJKCCHUNGHUALINGGA,NA,within Malaysia or boundary tolerance,7.768302509582665,5,C05,5.393607139587402,1.0379517078399658,0.03390627331179538,0.29597289742923055,0.3667439993387308,,,,1,FALSE,S005,"RH. MAMUT, LANGGIR, ULU LINGGA",SARAWAK,111.1699527,1.3536200999999999,Candidate for field review; conversion suitability unverified
OSM_node/12989046766,Sekolah Kebangsaan (SK) Lela Pahlawan,school,OpenStreetMap / Geofabrik,https://www.openstreetmap.org/node/12989046766,public/government OSM tag,OSM point or point on mapped facility footprint,SKLELAPAHLAWAN,NA,within Malaysia or boundary tolerance,7.775661640301907,6,C06,6.371685028076172,1.177742838859558,0.016489909873289757,0.19553173134867288,0.4432153614427683,,,,1,FALSE,S005,"RH. MAMUT, LANGGIR, ULU LINGGA",SARAWAK,111.1710899,1.3535342999999995,Candidate for field review; conversion suitability unverified
K0392,Klinik Kesihatan Nanga Entalau,Klinik Kesihatan,Supplied health-facility register,data/kk_list.xlsx#Sheet1!row=2474,health-facility register; confirm property and operating status,supplied register coordinates,NANGAENTALAU,NA,within Malaysia or boundary tolerance,9.765586924491437,1,C01,97.5348129272461,1.7320208549499512,0.10326444043713913,0.3148903820099546,0.14853367204527174,,,,0,FALSE,S006,"RH.THOMAS,BANGAI",SARAWAK,111.790157,1.4565,Candidate for field review; conversion suitability unverified
FDS_SCHOOL_S008,SK KOTA,school (FDS name; verify),Supplied FDS school-location name,data/fds_list.xlsx#Sheet1!row=14,school implied by FDS location name; verify existence and ownership,FDS coordinates; not independently located school,KOTA,NA,within Malaysia or boundary tolerance,2.2103881225365996e-14,1,C01,125.2329330444336,2.898486852645874,0.03367617717562959,0.5613945009210439,0.7008122281515435,,unpaved,,0,TRUE,S008,SK KOTA,SARAWAK,111.6612,1.6716166666666699,Candidate for field review; conversion suitability unverified
K0416,Klinik Kesihatan Nanga Tiga,Klinik Kesihatan,Supplied health-facility register,data/kk_list.xlsx#Sheet1!row=2498,health-facility register; confirm property and operating status,supplied register coordinates,NANGATIGA,NA,within Malaysia or boundary tolerance,8.131896275285628,2,C02,98.95722198486328,14.304060935974121,0.005834987724532327,5.541648747520724,0.14622408583600757,Jalan Ulu Layar,asphalt,,0,FALSE,S008,SK KOTA,SARAWAK,111.69755,1.6081499999999997,Candidate for field review; conversion suitability unverified
OSM_node/14107612271,SK St. John,school,OpenStreetMap / Geofabrik,https://www.openstreetmap.org/node/14107612271,public/government OSM tag,OSM point or point on mapped facility footprint,STJOHN,NA,within Malaysia or boundary tolerance,8.552674074068786,3,C03,74.78813171386719,3.656844139099121,0.05157180082186856,6.184995254653109,0.07115015499083306,,,,1,FALSE,S008,SK KOTA,SARAWAK,111.70328359999999,1.6072235,Candidate for field review; conversion suitability unverified
K0467,Klinik Kesihatan Sekalong,Klinik Kesihatan,Supplied health-facility register,data/kk_list.xlsx#Sheet1!row=2694,health-facility register; confirm property and operating status,supplied register coordinates,SEKALONG,NA,within Malaysia or boundary tolerance,6.373550345061017,1,C01,118.96912384033203,3.192072629928589,0.4439690004756765,1.8271347131472941,5.053269893395607,,,,0,FALSE,S010,RH BARAK,SARAWAK,111.85042,1.9038499999999998,Candidate for field review; conversion suitability unverified
K0397,Klinik Kesihatan Nanga Kara,Klinik Kesihatan,Supplied health-facility register,data/kk_list.xlsx#Sheet1!row=2479,health-facility register; confirm property and operating status,supplied register coordinates,NANGAKARA,NA,within Malaysia or boundary tolerance,7.937592766668238,1,C01,48.70831298828125,4.967894077301025,0.5347013584294477,2.377848200063922,0.160994954533218,,,,1,FALSE,S011,RH TAWIE,SARAWAK,111.73739,1.91616,Candidate for field review; conversion suitability unverified
K0467,Klinik Kesihatan Sekalong,Klinik Kesihatan,Supplied health-facility register,data/kk_list.xlsx#Sheet1!row=2694,health-facility register; confirm property and operating status,supplied register coordinates,SEKALONG,NA,within Malaysia or boundary tolerance,8.925429547007726,2,C02,114.10738372802734,10.784282684326172,0.4439690004756765,4.150105995063906,9.204795005241564,,,,0,FALSE,S011,RH TAWIE,SARAWAK,111.85042,1.9038499999999998,Candidate for field review; conversion suitability unverified
OSM_way/694956686,Unnamed school,school,OpenStreetMap / Geofabrik,https://www.openstreetmap.org/way/694956686,ownership not recorded; verify,OSM point or point on mapped facility footprint,UNNAMEDSCHOOL,NA,within Malaysia or boundary tolerance,9.781985208310182,1,C01,24.85059928894043,1.178281307220459,0.6974351955059706,1.112910261590119,0.10899795537980966,,,,1,FALSE,S012,RH BUGIE,SARAWAK,111.90946175920165,1.9753454095779825,Candidate for field review; conversion suitability unverified
K0293,Klinik Kesihatan Kemalih,Klinik Kesihatan,Supplied health-facility register,data/kk_list.xlsx#Sheet1!row=2236,health-facility register; confirm property and operating status,supplied register coordinates,KEMALIH,NA,within Malaysia or boundary tolerance,5.962028298296777,1,C01,105.31608581542969,1.342829942703247,0.0696513634902062,0.22292327719892002,0.01761086281780359,,,,1,FALSE,S013,RH ENGGIE,SARAWAK,111.82094,1.6498399999999998,Candidate for field review; conversion suitability unverified
FDS_SCHOOL_S014,SK JU,school (FDS name; verify),Supplied FDS school-location name,data/fds_list.xlsx#Sheet1!row=20,school implied by FDS location name; verify existence and ownership,FDS coordinates; not independently located school,JU,NA,within Malaysia or boundary tolerance,1.2751468343171662e-12,1,C01,86.75282287597656,1.2408777475357056,0.06720499851415165,NA,8.9766776874523,,,,0,TRUE,S014,SK JU,SARAWAK,112.08288333333302,1.71046666666667,Candidate for field review; conversion suitability unverified
K0358,Klinik Kesihatan Maong (Mujok),Klinik Kesihatan,Supplied health-facility register,data/kk_list.xlsx#Sheet1!row=2417,health-facility register; confirm property and operating status,supplied register coordinates,MAONGMUJOK,NA,within Malaysia or boundary tolerance,6.433552339257856,2,C02,80.46981048583984,12.128925323486328,0.9896997502480397,NA,4.171585587223326,,,,0,FALSE,S014,SK JU,SARAWAK,112.03309,1.7399699999999996,Candidate for field review; conversion suitability unverified
K0389,Klinik Kesihatan Nanga Ensiring,Klinik Kesihatan,Supplied health-facility register,data/kk_list.xlsx#Sheet1!row=2471,health-facility register; confirm property and operating status,supplied register coordinates,NANGAENSIRING,NA,within Malaysia or boundary tolerance,7.476702423537018,3,C03,102.31350708007813,0.9191979169845581,3.245704101333255,NA,7.107370869321618,,,,0,FALSE,S014,SK JU,SARAWAK,112.03503,1.6632099999999999,Candidate for field review; conversion suitability unverified
FDS_SCHOOL_S015,SK JAMBU,school (FDS name; verify),Supplied FDS school-location name,data/fds_list.xlsx#Sheet1!row=21,school implied by FDS location name; verify existence and ownership,FDS coordinates; not independently located school,JAMBU,NA,within Malaysia or boundary tolerance,4.420776245073199e-14,1,C01,87.295074462890625,5.9176554679870605,0.1358539758974132,0.4155545888406751,0.06266209145834796,,unpaved,,0,TRUE,S015,SK JAMBU,SARAWAK,111.936366666667,1.6706333333333296,Candidate for field review; conversion suitability unverified
K0390,Klinik Kesihatan Nanga Entabai,Klinik Kesihatan,Supplied health-facility register,data/kk_list.xlsx#Sheet1!row=2472,health-facility register; confirm property and operating status,supplied register coordinates,NANGAENTABAI,NA,within Malaysia or boundary tolerance,7.222019855927172,1,C01,45.294029235839844,6.535215854644775,0.2390793843017213,5.285963883231622,0.12228979912794818,,,,2,FALSE,S016,RH KIROH,SARAWAK,111.921208,1.7922279999999997,Candidate for field review; conversion suitability unverified
FDS_SCHOOL_S015,SK JAMBU,school (FDS name; verify),Supplied FDS school-location name,data/fds_list.xlsx#Sheet1!row=21,school implied by FDS location name; verify existence and ownership,FDS coordinates; not independently located school,JAMBU,NA,within Malaysia or boundary tolerance,5.4821126625320105,1,C01,86.62397766113281,5.444035530090332,0.1358539758974132,0.4155545888406751,0.06266209145834796,,unpaved,,1,FALSE,S017,RH JANTING,SARAWAK,111.936366666667,1.6706333333333296,Candidate for field review; conversion suitability unverified
K0293,Klinik Kesihatan Kemalih,Klinik Kesihatan,Supplied health-facility register,data/kk_list.xlsx#Sheet1!row=2236,health-facility register; confirm property and operating status,supplied register coordinates,KEMALIH,NA,within Malaysia or boundary tolerance,7.930764264546669,2,C02,105.33765411376953,1.506747841835022,0.0696513634902062,0.22292327719892002,0.01761086281780359,,,,1,FALSE,S017,RH JANTING,SARAWAK,111.82094,1.6498399999999998,Candidate for field review; conversion suitability unverified
K0504,Klinik Kesihatan Sungai Arip,Klinik Kesihatan,Supplied health-facility register,data/kk_list.xlsx#Sheet1!row=2791,health-facility register; confirm property and operating status,supplied register coordinates,SUNGAIARIP,NA,within Malaysia or boundary tolerance,8.792764844350941,1,C01,44.473384857177734,16.38798713684082,0.361604755675681,0.40407988276528845,2.5767158108885946,,unpaved,,0,FALSE,S020,RH ANSI,SARAWAK,112.662,2.7361899999999997,Candidate for field review; conversion suitability unverified
K0396,Klinik Kesihatan Nanga Jagau,Klinik Kesihatan,Supplied health-facility register,data/kk_list.xlsx#Sheet1!row=2478,health-facility register; confirm property and operating status,supplied register coordinates,NANGAJAGAU,NA,within Malaysia or boundary tolerance,9.959979454903783,1,C01,56.008644104003906,7.439115047454834,2.2322639574568632,2.29395991752891,0.05742818063117371,,,,3,FALSE,S027,RH. UNJAU POI,SARAWAK,112.30601,1.8595999999999995,Candidate for field review; conversion suitability unverified
K0396,Klinik Kesihatan Nanga Jagau,Klinik Kesihatan,Supplied health-facility register,data/kk_list.xlsx#Sheet1!row=2478,health-facility register; confirm property and operating status,supplied register coordinates,NANGAJAGAU,NA,within Malaysia or boundary tolerance,2.953884138177652,1,C01,55.82648468017578,8.18775749206543,2.2322639574568632,2.29395991752891,0.05742818063117371,,,,1,TRUE,S028,"RH. JARAU, JAGAU",SARAWAK,112.30601,1.8595999999999995,Candidate for field review; conversion suitability unverified
K0395,Klinik Kesihatan Nanga Ibau,Klinik Kesihatan,Supplied health-facility register,data/kk_list.xlsx#Sheet1!row=2477,health-facility register; confirm property and operating status,supplied register coordinates,NANGAIBAU,NA,within Malaysia or boundary tolerance,6.714298220971535,1,C01,18.7451114654541,2.2839338779449463,0.6430043457353859,1.0927041379420954,0.21695634250506263,,,,0,FALSE,S031,"RH. LIUN, IBAU",SARAWAK,112.705028,2.0112440000000005,Candidate for field review; conversion suitability unverified
OSM_node/6975528494,SEKOLAH KEBANGSAAN ULU MELIPIS,school,OpenStreetMap / Geofabrik,https://www.openstreetmap.org/node/6975528494,public/government OSM tag,OSM point or point on mapped facility footprint,ULUMELIPIS,NA,within Malaysia or boundary tolerance,8.278197589720001,2,C02,16.030149459838867,1.9517735242843628,0.026389884878518184,0.17637081975990337,1.8076321372552944,,,,0,FALSE,S031,"RH. LIUN, IBAU",SARAWAK,112.65502479999999,2.0270412000000007,Candidate for field review; conversion suitability unverified
OSM_node/6975528494,SEKOLAH KEBANGSAAN ULU MELIPIS,school,OpenStreetMap / Geofabrik,https://www.openstreetmap.org/node/6975528494,public/government OSM tag,OSM point or point on mapped facility footprint,ULUMELIPIS,NA,within Malaysia or boundary tolerance,4.7356749076119264,1,C01,16.58724021911621,2.558349847793579,0.026389884878518184,0.17637081975990337,1.8076321372552944,,,,0,TRUE,S032,"RH. MESSOP, IBAU",SARAWAK,112.65502479999999,2.0270412000000007,Candidate for field review; conversion suitability unverified
K0395,Klinik Kesihatan Nanga Ibau,Klinik Kesihatan,Supplied health-facility register,data/kk_list.xlsx#Sheet1!row=2477,health-facility register; confirm property and operating status,supplied register coordinates,NANGAIBAU,NA,within Malaysia or boundary tolerance,4.891696620059075,2,C02,18.999027252197266,2.854914426803589,0.6430043457353859,1.0927041379420954,0.21695634250506263,,,,0,TRUE,S032,"RH. MESSOP, IBAU",SARAWAK,112.705028,2.0112440000000005,Candidate for field review; conversion suitability unverified
OSM_node/6975508243,Sekolah Kebangsaan Nanga Beguang,school,OpenStreetMap / Geofabrik,https://www.openstreetmap.org/node/6975508243,ownership not recorded; verify,OSM point or point on mapped facility footprint,NANGABEGUANG,NA,within Malaysia or boundary tolerance,5.572065092902358,1,C01,12.183526992797852,3.088024854660034,0.7901696724826935,0.6930425233274802,0.3003184685804281,"Jalan Nanga Ngemah / Ng Temalat, Kanowit",asphalt,,0,FALSE,S034,"RH. SARI, SG IRAN SONG",SARAWAK,112.42824159999999,2.0352665,Candidate for field review; conversion suitability unverified
OSM_way/697399610,Unnamed school,school,OpenStreetMap / Geofabrik,https://www.openstreetmap.org/way/697399610,ownership not recorded; verify,OSM point or point on mapped facility footprint,UNNAMEDSCHOOL,NA,within Malaysia or boundary tolerance,5.577967054185643,2,C02,11.2250337600708,0.43848973512649536,0.7823075907344057,0.6852579875926743,0.29355672277625255,"Jalan Nanga Ngemah / Ng Temalat, Kanowit",asphalt,,0,FALSE,S034,"RH. SARI, SG IRAN SONG",SARAWAK,112.42828990852604,2.0352037835361774,Candidate for field review; conversion suitability unverified
OSM_way/745180369,Unnamed school,school,OpenStreetMap / Geofabrik,https://www.openstreetmap.org/way/745180369,ownership not recorded; verify,OSM point or point on mapped facility footprint,UNNAMEDSCHOOL,NA,within Malaysia or boundary tolerance,5.5898267969026705,3,C03,36.07390213012695,6.863855361938477,0.19545490178682326,1.952695265552703,4.907622580092733,,,,0,FALSE,S034,"RH. SARI, SG IRAN SONG",SARAWAK,112.48739478449038,2.080791961754493,Candidate for field review; conversion suitability unverified
OSM_node/6975508242,SEKOLAH KEBANGSAAN NANGA DALAI,school,OpenStreetMap / Geofabrik,https://www.openstreetmap.org/node/6975508242,public/government OSM tag,OSM point or point on mapped facility footprint,NANGADALAI,NA,within Malaysia or boundary tolerance,5.608418690142561,4,C04,36.07390213012695,6.863855361938477,0.21402066327109073,1.9649389376509803,4.915407267362188,,,,0,FALSE,S034,"RH. SARI, SG IRAN SONG",SARAWAK,112.4875616,2.080779099999999,Candidate for field review; conversion suitability unverified
OSM_way/697399612,Unnamed school,school,OpenStreetMap / Geofabrik,https://www.openstreetmap.org/way/697399612,ownership not recorded; verify,OSM point or point on mapped facility footprint,UNNAMEDSCHOOL,NA,within Malaysia or boundary tolerance,7.5681780157527845,5,C05,11.60067081451416,2.5377438068389893,0.8097150997309331,1.193555163930538,0.3003792797563278,,,,0,FALSE,S034,"RH. SARI, SG IRAN SONG",SARAWAK,112.39615123715139,2.030279450717822,Candidate for field review; conversion suitability unverified
K0412,Klinik Kesihatan Nanga Tada,Klinik Kesihatan,Supplied health-facility register,data/kk_list.xlsx#Sheet1!row=2494,health-facility register; confirm property and operating status,supplied register coordinates,NANGATADA,NA,within Malaysia or boundary tolerance,8.636898525072407,6,C06,16.63102149963379,2.660374402999878,0.009094570209029719,5.96687084004003,0.10076092591331579,,,,1,FALSE,S034,"RH. SARI, SG IRAN SONG",SARAWAK,112.359515,2.085595,Candidate for field review; conversion suitability unverified
OSM_way/697392548,Unnamed school,school,OpenStreetMap / Geofabrik,https://www.openstreetmap.org/way/697392548,ownership not recorded; verify,OSM point or point on mapped facility footprint,UNNAMEDSCHOOL,NA,within Malaysia or boundary tolerance,9.455670472196859,7,C07,11.982183456420898,1.3758301734924316,0.07791261814642238,3.734084180906932,0.16007627036064304,,,,1,FALSE,S034,"RH. SARI, SG IRAN SONG",SARAWAK,112.49622548314268,2.0232819921994403,Candidate for field review; conversion suitability unverified
OSM_way/1435023769,Dewan Serbaguna Bawang Assan,community_centre,OpenStreetMap / Geofabrik,https://www.openstreetmap.org/way/1435023769,ownership not recorded; verify,OSM point or point on mapped facility footprint,DEWANSERBAGUNABAWANGASSAN,NA,within Malaysia or boundary tolerance,7.486248747444706,1,C01,5.266144752502441,1.3638497591018677,0.034032525386142785,1.5454277146741744,0.6529853477249867,,,,4,FALSE,S049,LONG KEBUHO,SARAWAK,111.67929208189841,2.316706952767361,Candidate for field review; conversion suitability unverified
K0193,Klinik Kesihatan Bawang Assan,Klinik Kesihatan,Supplied health-facility register,data/kk_list.xlsx#Sheet1!row=1889,health-facility register; confirm property and operating status,supplied register coordinates,BAWANGASSAN,NA,within Malaysia or boundary tolerance,8.958949076263853,2,C02,6.2732977867126465,1.1314033269882202,0.006798203982294826,2.3663258296356364,1.3006535867329925,,,,2,FALSE,S049,LONG KEBUHO,SARAWAK,111.685774,2.302766,Candidate for field review; conversion suitability unverified
K0353,Klinik Kesihatan Lusong Laku,Klinik Kesihatan,Supplied health-facility register,data/kk_list.xlsx#Sheet1!row=2397,health-facility register; confirm property and operating status,supplied register coordinates,LUSONGLAKU,NA,within Malaysia or boundary tolerance,0.8553256835083517,1,C01,387.50445556640625,5.626222610473633,0.043250389719256675,1.6779313274794407,0.2861095097110914,,,,0,TRUE,S052,LUSONG LAKU,SARAWAK,114.250335,2.463398,Candidate for field review; conversion suitability unverified
OSM_node/3343130210,SK Long Lellang,school,OpenStreetMap / Geofabrik,https://www.openstreetmap.org/node/3343130210,ownership not recorded; verify,OSM point or point on mapped facility footprint,LONGLELLANG,NA,within Malaysia or boundary tolerance,9.183805920657559,1,C01,473.0361633300781,1.4413790702819824,0.172664789966459,NA,0.10247204272878113,,,,1,FALSE,S057,LONG KELIAN,SARAWAK,115.1531313,3.418239599999999,Candidate for field review; conversion suitability unverified
K0337,Klinik Kesihatan Long Lellang,Klinik Kesihatan,Supplied health-facility register,data/kk_list.xlsx#Sheet1!row=2371,health-facility register; confirm property and operating status,supplied register coordinates,LONGLELLANG,NA,within Malaysia or boundary tolerance,9.313844534336281,2,C02,470.0887756347656,2.3461546897888184,0.014377251002136889,NA,0.10000490109608585,,,,1,FALSE,S057,LONG KELIAN,SARAWAK,115.153885,3.420979,Candidate for field review; conversion suitability unverified
K0424,Klinik Kesihatan Pa' Dallih,Klinik Kesihatan,Supplied health-facility register,data/kk_list.xlsx#Sheet1!row=2513,health-facility register; confirm property and operating status,supplied register coordinates,PADALLIH,NA,within Malaysia or boundary tolerance,2.8277546546460264,1,C01,966.11248779296875,1.210023283958435,0.025858150825569293,1.614678481344696,0.22448106649668648,,,,1,TRUE,S060,RAMUDU,SARAWAK,115.553627,3.5673089999999994,Candidate for field review; conversion suitability unverified
K0519,Klinik Kesihatan Tang Lapadan,Klinik Kesihatan,Supplied health-facility register,data/kk_list.xlsx#Sheet1!row=2856,health-facility register; confirm property and operating status,supplied register coordinates,TANGLAPADAN,NA,within Malaysia or boundary tolerance,3.013339784152505,2,C02,970.78216552734375,5.072885036468506,0.0037655645432318184,1.7377877353320543,0.1009633240292826,,,,1,TRUE,S060,RAMUDU,SARAWAK,115.55308299999999,3.5689669999999993,Candidate for field review; conversion suitability unverified
K0328,Klinik Kesihatan Long Banga,Klinik Kesihatan,Supplied health-facility register,data/kk_list.xlsx#Sheet1!row=2362,health-facility register; confirm property and operating status,supplied register coordinates,LONGBANGA,NA,within Malaysia or boundary tolerance,3.7721495636672038,1,C01,434.2882995605469,2.0271427631378174,0.03563719798842387,3.0654676692158316,0.1413439734841342,,,,1,TRUE,S063,LONG LAMAI,SARAWAK,115.39137,3.2055099999999994,Candidate for field review; conversion suitability unverified
K0347,Klinik Kesihatan Long Seridan,Klinik Kesihatan,Supplied health-facility register,data/kk_list.xlsx#Sheet1!row=2381,health-facility register; confirm property and operating status,supplied register coordinates,LONGSERIDAN,NA,within Malaysia or boundary tolerance,7.884595283420637,1,C01,205.5807647705078,9.60651683807373,0.045477297795989045,0.5301244589076245,0.21278658464250227,,,,2,FALSE,S072,LONG BALAU,SARAWAK,115.069158,3.9739110000000006,Candidate for field review; conversion suitability unverified
OSM_node/4238754091,Immigration Office,government office,OpenStreetMap / Geofabrik,https://www.openstreetmap.org/node/4238754091,government office tag,OSM point or point on mapped facility footprint,IMMIGRATIONOFFICE,NA,within Malaysia or boundary tolerance,9.66825757947755,1,C01,1067.62646484375,1.0360203981399536,0.002015724935097205,1.151722313742361,2.6996434534722344,,,,0,FALSE,S073,PA LUNGAN,SARAWAK,115.4696946,3.7407063000000007,Candidate for field review; conversion suitability unverified
OSM_node/4238755390,Unnamed hospital,hospital,OpenStreetMap / Geofabrik,https://www.openstreetmap.org/node/4238755390,ownership not recorded; verify,OSM point or point on mapped facility footprint,UNNAMEDHOSPITAL,NA,within Malaysia or boundary tolerance,9.812568292127471,2,C02,1066.867919921875,3.9709322452545166,0.04818603765686019,1.330920228699486,2.869702144561173,,,,0,FALSE,S073,PA LUNGAN,SARAWAK,115.4678128,3.7405136000000003,Candidate for field review; conversion suitability unverified
K0185,Klinik Kesihatan Bario,Klinik Kesihatan,Supplied health-facility register,data/kk_list.xlsx#Sheet1!row=1861,health-facility register; confirm property and operating status,supplied register coordinates,BARIO,NA,within Malaysia or boundary tolerance,9.85197399568802,3,C03,1070.466064453125,4.9890217781066895,0.010351611130378817,1.3909202405852532,2.9268828411717442,,,,0,FALSE,S073,PA LUNGAN,SARAWAK,115.46723,3.740520000000001,Candidate for field review; conversion suitability unverified
OSM_node/4238756692,Secondary School ,school,OpenStreetMap / Geofabrik,https://www.openstreetmap.org/node/4238756692,ownership not recorded; verify,OSM point or point on mapped facility footprint,SECONDARYSCHOOL,NA,within Malaysia or boundary tolerance,9.950485681344366,4,C04,1070.761474609375,2.1248810291290283,0.040572480979715116,0.7089162523218618,4.565038513291877,,,,0,FALSE,S073,PA LUNGAN,SARAWAK,115.4556928,3.750097,Candidate for field review; conversion suitability unverified
OSM_node/4689928791,Kp Arur Layun,community_centre,OpenStreetMap / Geofabrik,https://www.openstreetmap.org/node/4689928791,ownership not recorded; verify,OSM point or point on mapped facility footprint,KPARURLAYUN,NA,within Malaysia or boundary tolerance,9.985210663352184,5,C05,1075.33447265625,1.046645164489746,0.018284057754969135,0.4146472041067429,5.041386461108033,,,,0,FALSE,S073,PA LUNGAN,SARAWAK,115.4525735,3.753244299999997,Candidate for field review; conversion suitability unverified
K0347,Klinik Kesihatan Long Seridan,Klinik Kesihatan,Supplied health-facility register,data/kk_list.xlsx#Sheet1!row=2381,health-facility register; confirm property and operating status,supplied register coordinates,LONGSERIDAN,NA,within Malaysia or boundary tolerance,0.4174422103515407,1,C01,199.43887329101563,10.258007049560547,0.045477297795989045,0.5301244589076245,0.21278658464250227,,,,0,TRUE,S078,LONG SERIDAN,SARAWAK,115.069158,3.9739110000000006,Candidate for field review; conversion suitability unverified
OSM_node/5426029521,Long Ludin,community_centre,OpenStreetMap / Geofabrik,https://www.openstreetmap.org/node/5426029521,ownership not recorded; verify,OSM point or point on mapped facility footprint,LONGLUDIN,NA,within Malaysia or boundary tolerance,4.1614871704166045,2,C02,176.20660400390625,3.103343963623047,0.0031755526998173836,0.8757704900205194,0.20027093492781353,,,,1,TRUE,S078,LONG SERIDAN,SARAWAK,115.0574235,3.941831100000001,Candidate for field review; conversion suitability unverified
K0328,Klinik Kesihatan Long Banga,Klinik Kesihatan,Supplied health-facility register,data/kk_list.xlsx#Sheet1!row=2362,health-facility register; confirm property and operating status,supplied register coordinates,LONGBANGA,NA,within Malaysia or boundary tolerance,1.1490452951720707,1,C01,434.4560241699219,1.76264226436615,0.03563719798842387,3.0654676692158316,0.1413439734841342,,,,0,TRUE,S080,LONG BANGA,SARAWAK,115.39137,3.2055099999999994,Candidate for field review; conversion suitability unverified
K0519,Klinik Kesihatan Tang Lapadan,Klinik Kesihatan,Supplied health-facility register,data/kk_list.xlsx#Sheet1!row=2856,health-facility register; confirm property and operating status,supplied register coordinates,TANGLAPADAN,NA,within Malaysia or boundary tolerance,3.9045396982926164,1,C01,969.9307861328125,3.900404453277588,0.0037655645432318184,1.7377877353320543,0.1009633240292826,,,,1,TRUE,S082,LONG DANO,SARAWAK,115.55308299999999,3.5689669999999993,Candidate for field review; conversion suitability unverified
K0424,Klinik Kesihatan Pa' Dallih,Klinik Kesihatan,Supplied health-facility register,data/kk_list.xlsx#Sheet1!row=2513,health-facility register; confirm property and operating status,supplied register coordinates,PADALLIH,NA,within Malaysia or boundary tolerance,4.079154352573739,2,C02,964.44073486328125,1.5142964124679565,0.025858150825569293,1.614678481344696,0.22448106649668648,,,,1,TRUE,S082,LONG DANO,SARAWAK,115.553627,3.5673089999999994,Candidate for field review; conversion suitability unverified
OSM_way/542450388,SK Sunsui,school,OpenStreetMap / Geofabrik,https://www.openstreetmap.org/way/542450388,ownership not recorded; verify,OSM point or point on mapped facility footprint,SUNSUI,NA,within Malaysia or boundary tolerance,3.8671470345964076,1,C01,66.69242858886719,3.5309717655181885,0.05904058466358346,0.788528195220293,0.14236521617393308,,unpaved,,1,TRUE,S086,SONSONGAN MAKATOL,SABAH,116.77185284984532,6.3861321566922324,Candidate for field review; conversion suitability unverified
OSM_way/253738018,Hospital Kota Marudu,hospital,OpenStreetMap / Geofabrik,https://www.openstreetmap.org/way/253738018,ownership not recorded; verify,OSM point or point on mapped facility footprint,HOSPITALKOTAMARUDU,NA,within Malaysia or boundary tolerance,4.056162085821772,2,C02,19.037519454956055,0.7886516451835632,0.003635582220221817,0.6679069578055499,2.2617930403372437,,,,0,TRUE,S086,SONSONGAN MAKATOL,SABAH,116.77395427432111,6.4573565859389594,Candidate for field review; conversion suitability unverified
K0166,Klinik Desa Timbang Batu,Klinik Desa,Supplied health-facility register,data/kk_list.xlsx#Sheet1!row=1705,health-facility register; confirm property and operating status,supplied register coordinates,TIMBANGBATU,NA,within Malaysia or boundary tolerance,5.143944923421031,3,C03,19.126338958740234,1.436046838760376,0.0014296434835768315,0.2508364256774432,0.0840202735974711,Jalan Timbang Batu,,,0,FALSE,S086,SONSONGAN MAKATOL,SABAH,116.80514000000001,6.454079999999999,Candidate for field review; conversion suitability unverified
K0051,Klinik Desa Goshen,Klinik Desa,Supplied health-facility register,data/kk_list.xlsx#Sheet1!row=506,health-facility register; confirm property and operating status,supplied register coordinates,GOSHEN,NA,within Malaysia or boundary tolerance,5.89661037331339,4,C04,19.13301658630371,1.9472845792770386,0.018047137584940854,2.531759417322283,0.4555018487164713,,,,0,FALSE,S086,SONSONGAN MAKATOL,SABAH,116.76400000000001,6.47322,Candidate for field review; conversion suitability unverified
K0579,Klinik Komuniti Hexan Industrial Centre,Klinik Komuniti,Supplied health-facility register,data/kk_list.xlsx#Sheet1!row=3044,health-facility register; confirm property and operating status,supplied register coordinates,KLINIKKOMUNITIHEXANINDUSTRIALCENTRE,NA,within Malaysia or boundary tolerance,8.072017705230252,5,C05,11.137402534484863,1.4101449251174927,0.016086304261933495,0.9932117129777898,1.2739331230686433,,,,0,FALSE,S086,SONSONGAN MAKATOL,SABAH,116.77166500000001,6.493486000000001,Candidate for field review; conversion suitability unverified
OSM_node/12997234188,Jabatan Pendaftaran Negara Daerah Kota Marudu,government office,OpenStreetMap / Geofabrik,https://www.openstreetmap.org/node/12997234188,government office tag,OSM point or point on mapped facility footprint,JABATANPENDAFTARANNEGARADAERAHKOTAMARUDU,NA,within Malaysia or boundary tolerance,8.303051070501148,6,C06,10.92933177947998,1.283037781715393,0.015876513697894775,0.7886211162751422,1.1518228711254057,,,,0,FALSE,S086,SONSONGAN MAKATOL,SABAH,116.77202469999999,6.495567999999997,Candidate for field review; conversion suitability unverified
OSM_node/12997234187,Pejabat Pos Kota Marudu,post_office,OpenStreetMap / Geofabrik,https://www.openstreetmap.org/node/12997234187,ownership not recorded; verify,OSM point or point on mapped facility footprint,PEJABATPOSKOTAMARUDU,NA,within Malaysia or boundary tolerance,8.321174493381978,7,C07,13.111863136291504,1.4651100635528564,0.029644205848790406,0.7391380490658424,1.2447421814929456,,,,0,FALSE,S086,SONSONGAN MAKATOL,SABAH,116.7711089,6.495717299999998,Candidate for field review; conversion suitability unverified
OSM_node/12997234186,Dewan Komuniti Kota Marudu,community_centre,OpenStreetMap / Geofabrik,https://www.openstreetmap.org/node/12997234186,ownership not recorded; verify,OSM point or point on mapped facility footprint,DEWANKOMUNITIKOTAMARUDU,NA,within Malaysia or boundary tolerance,8.322179966688385,8,C08,13.853309631347656,3.079638719558716,0.03272356135554073,0.7154136887405128,1.3727651923729145,,,,0,FALSE,S086,SONSONGAN MAKATOL,SABAH,116.7693436,6.495668699999997,Candidate for field review; conversion suitability unverified
K0241,Klinik Kesihatan Ibu dan Anak Kota Marudu,Klinik Kesihatan Ibu dan Anak,Supplied health-facility register,data/kk_list.xlsx#Sheet1!row=2088,health-facility register; confirm property and operating status,supplied register coordinates,IBUDANANAKKOTAMARUDU,NA,within Malaysia or boundary tolerance,8.395988886430176,9,C09,12.150293350219727,1.7894287109375,0.008777628851573249,1.3416832709820368,0.375158669045761,,,,0,FALSE,S086,SONSONGAN MAKATOL,SABAH,116.75928000000002,6.49522,Candidate for field review; conversion suitability unverified
OSM_node/12997234185,Majlis Daerah Kota Marudu/Pitas,townhall,OpenStreetMap / Geofabrik,https://www.openstreetmap.org/node/12997234185,ownership not recorded; verify,OSM point or point on mapped facility footprint,MAJLISDAERAHKOTAMARUDUPITAS,NA,within Malaysia or boundary tolerance,8.44468587914015,10,C10,14.46485710144043,1.789185643196106,0.04556654111760409,0.5933729942533974,1.3361749915942231,,,,0,FALSE,S086,SONSONGAN MAKATOL,SABAH,116.76941300000001,6.496774499999999,Candidate for field review; conversion suitability unverified
OSM_way/1044299255,Unnamed school,school,OpenStreetMap / Geofabrik,https://www.openstreetmap.org/way/1044299255,ownership not recorded; verify,OSM point or point on mapped facility footprint,UNNAMEDSCHOOL,NA,within Malaysia or boundary tolerance,8.553881782141273,11,C11,10.528356552124023,1.8868021965026855,0.016169383620924124,0.9611623906062787,0.5671363028011184,,,,0,FALSE,S086,SONSONGAN MAKATOL,SABAH,116.76215810501107,6.497110269832736,Candidate for field review; conversion suitability unverified
OSM_node/12997234181,Pejabat Daerah Kota Marudu,government office,OpenStreetMap / Geofabrik,https://www.openstreetmap.org/node/12997234181,government office tag,OSM point or point on mapped facility footprint,PEJABATDAERAHKOTAMARUDU,NA,within Malaysia or boundary tolerance,8.599156340581832,12,C12,15.554046630859375,0.8652850389480591,0.032783082248866474,0.4431958848825858,1.206982193614618,Jalan Marudu,,,0,FALSE,S086,SONSONGAN MAKATOL,SABAH,116.7689307,6.498143200000001,Candidate for field review; conversion suitability unverified
OSM_node/12997234183,Balai Bomba dan Penyelamat Kota Marudu,fire_station,OpenStreetMap / Geofabrik,https://www.openstreetmap.org/node/12997234183,ownership not recorded; verify,OSM point or point on mapped facility footprint,BALAIBOMBADANPENYELAMATKOTAMARUDU,NA,within Malaysia or boundary tolerance,8.66464873433215,13,C13,16.119760513305664,2.9737908840179443,0.030487143002219372,0.37478425596583276,1.2257208569333835,,,,0,FALSE,S086,SONSONGAN MAKATOL,SABAH,116.76947949999997,6.4987572,Candidate for field review; conversion suitability unverified
OSM_node/12997234184,Ibu Pejabat Polis Daerah Kota Marudu,police,OpenStreetMap / Geofabrik,https://www.openstreetmap.org/node/12997234184,ownership not recorded; verify,OSM point or point on mapped facility footprint,IBUPEJABATPOLISDAERAHKOTAMARUDU,NA,within Malaysia or boundary tolerance,8.71966634764752,14,C14,14.524822235107422,1.1189243793487549,0.012821474947313196,0.3611456836279549,1.0492115139661071,,,,0,FALSE,S086,SONSONGAN MAKATOL,SABAH,116.76788450000001,6.4991715999999995,Candidate for field review; conversion suitability unverified
OSM_way/237343568,Jabatan Ukur Kota Marudu,government office,OpenStreetMap / Geofabrik,https://www.openstreetmap.org/way/237343568,government office tag,OSM point or point on mapped facility footprint,JABATANUKURKOTAMARUDU,NA,within Malaysia or boundary tolerance,8.758368160990312,15,C15,10.581196784973145,0.7859762907028198,0.0021675427535687982,0.4218046267376014,1.0782105118558927,,,,0,FALSE,S086,SONSONGAN MAKATOL,SABAH,116.77224919820436,6.499664499845492,Candidate for field review; conversion suitability unverified
OSM_way/1320234355,Jabatan Kerja Raya (JKR) Kota Marudu,government office,OpenStreetMap / Geofabrik,https://www.openstreetmap.org/way/1320234355,government office tag,OSM point or point on mapped facility footprint,JABATANKERJARAYAJKRKOTAMARUDU,NA,within Malaysia or boundary tolerance,9.003405776198301,16,C16,10.516538619995117,0.5815102458000183,0.03488791810268099,0.09001716771410481,1.118502094198006,,,,0,FALSE,S086,SONSONGAN MAKATOL,SABAH,116.77015640900933,6.501829990215804,Candidate for field review; conversion suitability unverified
K0106,Klinik Desa Mosolog,Klinik Desa,Supplied health-facility register,data/kk_list.xlsx#Sheet1!row=1003,health-facility register; confirm property and operating status,supplied register coordinates,MOSOLOG,NA,within Malaysia or boundary tolerance,9.949710355357123,17,C17,14.382399559020996,1.7999606132507324,0.01978302812393724,0.3948544156890033,0.9142785805150057,,,,3,FALSE,S086,SONSONGAN MAKATOL,SABAH,116.84347,6.476229999999998,Candidate for field review; conversion suitability unverified
OSM_node/7894259131,SK Pohon Batu,school,OpenStreetMap / Geofabrik,https://www.openstreetmap.org/node/7894259131,ownership not recorded; verify,OSM point or point on mapped facility footprint,POHONBATU,NA,within Malaysia or boundary tolerance,7.220082950323843,1,C01,535.79217529296875,3.843158483505249,0.03901830253128614,4.238315867428347,0.09069840426896089,,,,1,FALSE,S087,PANGARAAN,SABAH,116.189841,4.790993099999997,Candidate for field review; conversion suitability unverified
K0107,Klinik Desa Moyog,Klinik Desa,Supplied health-facility register,data/kk_list.xlsx#Sheet1!row=1004,health-facility register; confirm property and operating status,supplied register coordinates,MOYOG,NA,within Malaysia or boundary tolerance,7.341284221780247,1,C01,203.71473693847656,18.28903579711914,0.008289915313046054,0.10585283375109883,0.07223143117134254,,,,2,FALSE,S088,BUAYAN,SABAH,116.23477999999999,5.8877500000000005,Candidate for field review; conversion suitability unverified
K0150,Klinik Desa Sungoi,Klinik Desa,Supplied health-facility register,data/kk_list.xlsx#Sheet1!row=1576,health-facility register; confirm property and operating status,supplied register coordinates,SUNGOI,NA,within Malaysia or boundary tolerance,8.220605742129576,2,C02,880.40203857421875,24.939481735229492,0.03055342308039254,3.244357362508368,0.7040088732473986,,,,2,FALSE,S088,BUAYAN,SABAH,116.37139000000002,5.879440000000001,Candidate for field review; conversion suitability unverified
K0543,Klinik Kesihatan Tombongan,Klinik Kesihatan,Supplied health-facility register,data/kk_list.xlsx#Sheet1!row=2925,health-facility register; confirm property and operating status,supplied register coordinates,TOMBONGAN,NA,within Malaysia or boundary tolerance,6.758670510664929,1,C01,221.4271697998047,19.37424659729004,0.03510559463876302,0.4547174525575489,0.01980694311834289,,,,1,FALSE,S089,KALANGGAAN,SABAH,116.237793096229,5.9939581976478,Candidate for field review; conversion suitability unverified
K0107,Klinik Desa Moyog,Klinik Desa,Supplied health-facility register,data/kk_list.xlsx#Sheet1!row=1004,health-facility register; confirm property and operating status,supplied register coordinates,MOYOG,NA,within Malaysia or boundary tolerance,8.539730364147495,2,C02,207.06915283203125,19.49260711669922,0.008289915313046054,0.10585283375109883,0.07223143117134254,,,,1,FALSE,S089,KALANGGAAN,SABAH,116.23477999999999,5.8877500000000005,Candidate for field review; conversion suitability unverified
K0129,Klinik Desa Pukak,Klinik Desa,Supplied health-facility register,data/kk_list.xlsx#Sheet1!row=1283,health-facility register; confirm property and operating status,supplied register coordinates,PUKAK,NA,within Malaysia or boundary tolerance,9.59134431568696,3,C03,119.1016616821289,8.730313301086426,0.012770796004923,0.40394887360512266,0.23135035459323805,,unpaved,,1,FALSE,S089,KALANGGAAN,SABAH,116.32028000000001,6.026390000000001,Candidate for field review; conversion suitability unverified
OSM_way/1496819396,Unnamed community_centre,community_centre,OpenStreetMap / Geofabrik,https://www.openstreetmap.org/way/1496819396,ownership not recorded; verify,OSM point or point on mapped facility footprint,UNNAMEDCOMMUNITYCENTRE,NA,within Malaysia or boundary tolerance,9.6548613984407,1,C01,774.45489501953125,17.385221481323242,0.02360877395428922,4.788147412067855,0.04405654911801717,,,,0,FALSE,S090,LONGKOGUNGON,SABAH,116.32419835000027,5.708296500000453,Candidate for field review; conversion suitability unverified
OSM_way/1496819394,Balai raya,community_centre,OpenStreetMap / Geofabrik,https://www.openstreetmap.org/way/1496819394,ownership not recorded; verify,OSM point or point on mapped facility footprint,BALAIRAYA,NA,within Malaysia or boundary tolerance,9.65676604912253,2,C02,774.45489501953125,17.385221481323242,0.014858543199578526,4.774843531321678,0.050232399791237,,,,0,FALSE,S090,LONGKOGUNGON,SABAH,116.32432193718898,5.708332753156594,Candidate for field review; conversion suitability unverified
OSM_way/1496819395,Unnamed community_centre,community_centre,OpenStreetMap / Geofabrik,https://www.openstreetmap.org/way/1496819395,ownership not recorded; verify,OSM point or point on mapped facility footprint,UNNAMEDCOMMUNITYCENTRE,NA,within Malaysia or boundary tolerance,9.664062033406841,3,C03,774.45489501953125,17.385221481323242,0.013431083784323663,4.785145430565116,0.039231279978459634,,,,0,FALSE,S090,LONGKOGUNGON,SABAH,116.32427555677913,5.708240200187868,Candidate for field review; conversion suitability unverified
OSM_node/7885448939,Sekolah Kuala Sibangali,school,OpenStreetMap / Geofabrik,https://www.openstreetmap.org/node/7885448939,ownership not recorded; verify,OSM point or point on mapped facility footprint,SEKOLAHKUALASIBANGALI,NA,within Malaysia or boundary tolerance,2.2990479344619397,1,C01,181.0334014892578,8.482460975646973,6.383443544871736,NA,0.13393039532511652,,,,2,TRUE,S091,KARAMPALON,SABAH,116.26166489999999,4.5092324,Candidate for field review; conversion suitability unverified
OSM_node/7885434339,SK Salinatan,school,OpenStreetMap / Geofabrik,https://www.openstreetmap.org/node/7885434339,ownership not recorded; verify,OSM point or point on mapped facility footprint,SALINATAN,NA,within Malaysia or boundary tolerance,6.0516340841664285,2,C02,181.43203735351563,6.480497360229492,2.9288866710213575,NA,0.05788212981827193,,,,1,FALSE,S091,KARAMPALON,SABAH,116.27615459999998,4.573072399999999,Candidate for field review; conversion suitability unverified
OSM_node/7893291647,Klinik Kesihatan Pensiangan,clinic,OpenStreetMap / Geofabrik,https://www.openstreetmap.org/node/7893291647,ownership not recorded; verify,OSM point or point on mapped facility footprint,PENSIANGAN,NA,within Malaysia or boundary tolerance,7.107167451103109,3,C03,162.83917236328125,7.387174606323242,0.03114819338800565,NA,0.08857493471577199,,,,1,FALSE,S091,KARAMPALON,SABAH,116.3120987,4.538098399999999,Candidate for field review; conversion suitability unverified
OSM_way/1376917033,Sekolah Kebangsaan Pekan Pensiangan,school,OpenStreetMap / Geofabrik,https://www.openstreetmap.org/way/1376917033,ownership not recorded; verify,OSM point or point on mapped facility footprint,PEKANPENSIANGAN,NA,within Malaysia or boundary tolerance,7.351164203373549,4,C04,162.04417419433594,10.052591323852539,0.018106857990472694,NA,0.0739087970700043,,,,1,FALSE,S091,KARAMPALON,SABAH,116.31363520837196,4.541350065881733,Candidate for field review; conversion suitability unverified
K0164,Klinik Desa Terolobou,Klinik Desa,Supplied health-facility register,data/kk_list.xlsx#Sheet1!row=1699,health-facility register; confirm property and operating status,supplied register coordinates,TEROLOBOU,NA,within Malaysia or boundary tolerance,3.138293964985193,1,C01,923.15264892578125,5.803561210632324,0.022693032470916856,0.09247261980224145,0.6763159842365967,,,,1,TRUE,S092,PANULONGON,SABAH,116.5097,5.949719999999999,Candidate for field review; conversion suitability unverified
K0050,Klinik Desa Gaya Ratau,Klinik Desa,Supplied health-facility register,data/kk_list.xlsx#Sheet1!row=478,health-facility register; confirm property and operating status,supplied register coordinates,GAYARATAU,NA,within Malaysia or boundary tolerance,3.1693292969589995,2,C02,931.966552734375,19.924205780029297,0.013139666604256976,0.11783990868639915,0.6757504430137808,,,,1,TRUE,S092,PANULONGON,SABAH,116.509385,5.949798000000001,Candidate for field review; conversion suitability unverified
OSM_way/437095306,"SMK Kemburongoh, Ranau",school,OpenStreetMap / Geofabrik,https://www.openstreetmap.org/way/437095306,ownership not recorded; verify,OSM point or point on mapped facility footprint,SMKKEMBURONGOHRANAU,NA,within Malaysia or boundary tolerance,3.232347275644678,3,C03,784.99212646484375,3.8585195541381836,0.04179196811349586,0.2951638223921587,0.5451945930335023,,,,0,TRUE,S092,PANULONGON,SABAH,116.5555210372541,5.915835688967387,Candidate for field review; conversion suitability unverified
K0168,Klinik Desa Toboh,Klinik Desa,Supplied health-facility register,data/kk_list.xlsx#Sheet1!row=1716,health-facility register; confirm property and operating status,supplied register coordinates,TOBOH,NA,within Malaysia or boundary tolerance,4.29393808899651,4,C04,1137.7667236328125,11.722197532653809,0.022725797149952494,0.4527504436001064,0.6129565969932094,,,,0,TRUE,S092,PANULONGON,SABAH,116.49250000000002,5.9399999999999995,Candidate for field review; conversion suitability unverified
K0170,Klinik Desa Tontolob Liwan,Klinik Desa,Supplied health-facility register,data/kk_list.xlsx#Sheet1!row=1723,health-facility register; confirm property and operating status,supplied register coordinates,TONTOLOBLIWAN,NA,within Malaysia or boundary tolerance,5.116064295913841,5,C05,1264.520263671875,23.438152313232422,0.8504106791284184,0.060665561258956065,2.1824855056496655,,,,0,FALSE,S092,PANULONGON,SABAH,116.48722000000001,5.912499999999999,Candidate for field review; conversion suitability unverified
K0211,Klinik Kesihatan Bundu Tuhan,Klinik Kesihatan,Supplied health-facility register,data/kk_list.xlsx#Sheet1!row=1967,health-facility register; confirm property and operating status,supplied register coordinates,BUNDUTUHAN,NA,within Malaysia or boundary tolerance,5.808642744202128,6,C06,1172.0780029296875,11.038599967956543,0.007892107087448629,0.07036692893469651,1.0041519616067038,,,,1,FALSE,S092,PANULONGON,SABAH,116.53139,5.982219999999999,Candidate for field review; conversion suitability unverified
OSM_way/438474099,BALAI RAYA TONTOLOB LIWAN,yes,OpenStreetMap / Geofabrik,https://www.openstreetmap.org/way/438474099,ownership not recorded; verify,OSM point or point on mapped facility footprint,BALAIRAYATONTOLOBLIWAN,NA,within Malaysia or boundary tolerance,7.05852927339256,7,C07,658.96490478515625,9.559687614440918,0.03963579643635337,0.03897307839136459,0.11374335531384608,Jalan Tambunan-Ranau,,,1,FALSE,S092,PANULONGON,SABAH,116.52874739999922,5.866533450004644,Candidate for field review; conversion suitability unverified
K0049,Klinik Desa Garas,Klinik Desa,Supplied health-facility register,data/kk_list.xlsx#Sheet1!row=477,health-facility register; confirm property and operating status,supplied register coordinates,GARAS,NA,within Malaysia or boundary tolerance,7.567600762684695,8,C08,847.6234130859375,15.04229736328125,0.03651216533169604,0.3581468485479176,0.2610758256610325,,,,1,FALSE,S092,PANULONGON,SABAH,116.49675,5.87052,Candidate for field review; conversion suitability unverified
OSM_node/6098381677,SK Tiong Perungusan,school,OpenStreetMap / Geofabrik,https://www.openstreetmap.org/node/6098381677,ownership not recorded; verify,OSM point or point on mapped facility footprint,TIONGPERUNGUSAN,NA,within Malaysia or boundary tolerance,7.719756559349631,9,C09,751.924560546875,19.326805114746094,0.021239999700972574,0.9730605591908167,0.29578421565966007,,,,1,FALSE,S092,PANULONGON,SABAH,116.4811881,5.979627799999999,Candidate for field review; conversion suitability unverified
K0134,Klinik Desa Rondugung,Klinik Desa,Supplied health-facility register,data/kk_list.xlsx#Sheet1!row=1337,health-facility register; confirm property and operating status,supplied register coordinates,RONDUGUNG,NA,within Malaysia or boundary tolerance,7.798847542618907,10,C10,958.905517578125,19.39491081237793,0.012572552588072614,0.0752228318509883,1.6320461427540116,,,,0,FALSE,S092,PANULONGON,SABAH,116.57603,5.87687,Candidate for field review; conversion suitability unverified
OSM_way/1427468531,Balai Polis Kundasang,police,OpenStreetMap / Geofabrik,https://www.openstreetmap.org/way/1427468531,ownership not recorded; verify,OSM point or point on mapped facility footprint,BALAIPOLISKUNDASANG,NA,within Malaysia or boundary tolerance,8.09412117692658,11,C11,1267.82958984375,4.900033473968506,0.0128678585121572,0.8497329898873831,0.7904005281247025,,,,2,FALSE,S092,PANULONGON,SABAH,116.57662204999947,5.98611140000098,Candidate for field review; conversion suitability unverified
OSM_way/1427468530,Dewan Kundasang,community_centre,OpenStreetMap / Geofabrik,https://www.openstreetmap.org/way/1427468530,ownership not recorded; verify,OSM point or point on mapped facility footprint,DEWANKUNDASANG,NA,within Malaysia or boundary tolerance,8.131774411336565,12,C12,1270.2750244140625,6.3989949226379395,0.038980602277069766,0.816157186666356,0.7656160075377711,,,,2,FALSE,S092,PANULONGON,SABAH,116.57665685414771,5.986521607642082,Candidate for field review; conversion suitability unverified
OSM_way/439433697,Klinik Ibu dan Anak Kundasang,clinic,OpenStreetMap / Geofabrik,https://www.openstreetmap.org/way/439433697,ownership not recorded; verify,OSM point or point on mapped facility footprint,KLINIKIBUDANANAKKUNDASANG,NA,within Malaysia or boundary tolerance,8.580177307944952,13,C13,1227.23388671875,6.51419734954834,0.050025609487523444,0.4175124152685489,0.39781780673328043,,,,2,FALSE,S092,PANULONGON,SABAH,116.57862805829005,5.990124682619077,Candidate for field review; conversion suitability unverified
K0317,Klinik Kesihatan Kundasang,Klinik Kesihatan,Supplied health-facility register,data/kk_list.xlsx#Sheet1!row=2324,health-facility register; confirm property and operating status,supplied register coordinates,KUNDASANG,NA,within Malaysia or boundary tolerance,8.681981828128473,14,C14,1223.0897216796875,7.597082138061523,0.02069722354537853,0.32110485727073934,0.30612949977923387,,,,2,FALSE,S092,PANULONGON,SABAH,116.579356,5.990717,Candidate for field review; conversion suitability unverified
OSM_node/7893406273,Balai Budaya Saliliran,community_centre,OpenStreetMap / Geofabrik,https://www.openstreetmap.org/node/7893406273,ownership not recorded; verify,OSM point or point on mapped facility footprint,BALAIBUDAYASALILIRAN,NA,within Malaysia or boundary tolerance,0.02454605865590633,1,C01,304.48834228515625,5.696484565734863,NA,NA,0.0839668598402445,NA,NA,NA,0,TRUE,S093,SALILIRAN,SABAH,116.22123300000001,4.4044526999999976,Candidate for field review; conversion suitability unverified
OSM_node/7885466293,Sekolah Saliliran,school,OpenStreetMap / Geofabrik,https://www.openstreetmap.org/node/7885466293,public/government OSM tag,OSM point or point on mapped facility footprint,SEKOLAHSALILIRAN,NA,within Malaysia or boundary tolerance,0.16611936775430744,2,C02,309.17578125,15.22490119934082,NA,NA,0.032851160511196346,NA,NA,NA,0,TRUE,S093,SALILIRAN,SABAH,116.22100470000001,4.405775599999999,Candidate for field review; conversion suitability unverified
OSM_node/7893406273,Balai Budaya Saliliran,community_centre,OpenStreetMap / Geofabrik,https://www.openstreetmap.org/node/7893406273,ownership not recorded; verify,OSM point or point on mapped facility footprint,BALAIBUDAYASALILIRAN,NA,within Malaysia or boundary tolerance,9.820796885480416,1,C01,306.79534912109375,6.464132785797119,NA,NA,0.0839668598402445,NA,NA,NA,2,FALSE,S094,KABU,SABAH,116.22123300000001,4.4044526999999976,Candidate for field review; conversion suitability unverified
OSM_node/7885466293,Sekolah Saliliran,school,OpenStreetMap / Geofabrik,https://www.openstreetmap.org/node/7885466293,public/government OSM tag,OSM point or point on mapped facility footprint,SEKOLAHSALILIRAN,NA,within Malaysia or boundary tolerance,9.874640924310894,2,C02,303.9071044921875,11.660354614257813,NA,NA,0.032851160511196346,NA,NA,NA,2,FALSE,S094,KABU,SABAH,116.22100470000001,4.405775599999999,Candidate for field review; conversion suitability unverified
OSM_node/7894259131,SK Pohon Batu,school,OpenStreetMap / Geofabrik,https://www.openstreetmap.org/node/7894259131,ownership not recorded; verify,OSM point or point on mapped facility footprint,POHONBATU,NA,within Malaysia or boundary tolerance,0.15378439982251,1,C01,535.92779541015625,2.9681787490844727,0.03901830253128614,4.238315867428347,0.09069840426896089,,,,0,TRUE,S095,POHON BATU,SABAH,116.189841,4.790993099999997,Candidate for field review; conversion suitability unverified
OSM_way/1375761835,Sekolah Binanun,school,OpenStreetMap / Geofabrik,https://www.openstreetmap.org/way/1375761835,ownership not recorded; verify,OSM point or point on mapped facility footprint,SEKOLAHBINANUN,NA,within Malaysia or boundary tolerance,5.6851698823953996,2,C02,493.0798645019531,3.9713516235351563,0.03460750553460698,0.14903054176755137,0.05039961158709724,,,,1,FALSE,S095,POHON BATU,SABAH,116.22328467864538,4.828012632593062,Candidate for field review; conversion suitability unverified
OSM_node/6742935414,SK Nangkawangan,school,OpenStreetMap / Geofabrik,https://www.openstreetmap.org/node/6742935414,ownership not recorded; verify,OSM point or point on mapped facility footprint,NANGKAWANGAN,NA,within Malaysia or boundary tolerance,8.905071416760581,3,C03,480.5303955078125,2.5854501724243164,0.12859772810367573,0.28987601510051686,0.046502727002144015,,,,3,FALSE,S095,POHON BATU,SABAH,116.2429258,4.849354900000001,Candidate for field review; conversion suitability unverified
OSM_node/7886119760,Sekolah Mamagun,school,OpenStreetMap / Geofabrik,https://www.openstreetmap.org/node/7886119760,ownership not recorded; verify,OSM point or point on mapped facility footprint,SEKOLAHMAMAGUN,NA,within Malaysia or boundary tolerance,9.762379797662009,4,C04,554.0579833984375,10.304818153381348,0.06135211863975234,1.1842952579300055,0.09181316656613284,,,,1,FALSE,S095,POHON BATU,SABAH,116.17277960000001,4.876660899999998,Candidate for field review; conversion suitability unverified
OSM_way/1375761835,Sekolah Binanun,school,OpenStreetMap / Geofabrik,https://www.openstreetmap.org/way/1375761835,ownership not recorded; verify,OSM point or point on mapped facility footprint,SEKOLAHBINANUN,NA,within Malaysia or boundary tolerance,0.0047770614092301515,1,C01,495.342529296875,6.675702095031738,0.03460750553460698,0.14903054176755137,0.05039961158709724,,,,0,TRUE,S096,BINANON,SABAH,116.22328467864538,4.828012632593062,Candidate for field review; conversion suitability unverified
OSM_node/6742935414,SK Nangkawangan,school,OpenStreetMap / Geofabrik,https://www.openstreetmap.org/node/6742935414,ownership not recorded; verify,OSM point or point on mapped facility footprint,NANGKAWANGAN,NA,within Malaysia or boundary tolerance,3.222999754924079,2,C02,479.9934387207031,1.894191026687622,0.12859772810367573,0.28987601510051686,0.046502727002144015,,,,2,TRUE,S096,BINANON,SABAH,116.2429258,4.849354900000001,Candidate for field review; conversion suitability unverified
OSM_node/7894259131,SK Pohon Batu,school,OpenStreetMap / Geofabrik,https://www.openstreetmap.org/node/7894259131,ownership not recorded; verify,OSM point or point on mapped facility footprint,POHONBATU,NA,within Malaysia or boundary tolerance,5.535530382826627,3,C03,535.7279052734375,3.672116756439209,0.03901830253128614,4.238315867428347,0.09069840426896089,,,,1,FALSE,S096,BINANON,SABAH,116.189841,4.790993099999997,Candidate for field review; conversion suitability unverified
OSM_node/7886107518,SK Ponontomon,school,OpenStreetMap / Geofabrik,https://www.openstreetmap.org/node/7886107518,ownership not recorded; verify,OSM point or point on mapped facility footprint,PONONTOMON,NA,within Malaysia or boundary tolerance,7.3331627033873685,4,C04,461.8979187011719,1.3519617319107056,0.23373555656324765,1.3738589832016022,0.06216133855583938,,,,3,FALSE,S096,BINANON,SABAH,116.26510350000001,4.8790910999999975,Candidate for field review; conversion suitability unverified
OSM_node/7886119760,Sekolah Mamagun,school,OpenStreetMap / Geofabrik,https://www.openstreetmap.org/node/7886119760,ownership not recorded; verify,OSM point or point on mapped facility footprint,SEKOLAHMAMAGUN,NA,within Malaysia or boundary tolerance,7.786713827081066,5,C05,552.32635498046875,8.780155181884766,0.06135211863975234,1.1842952579300055,0.09181316656613284,,,,1,FALSE,S096,BINANON,SABAH,116.17277960000001,4.876660899999998,Candidate for field review; conversion suitability unverified
OSM_node/6742935414,SK Nangkawangan,school,OpenStreetMap / Geofabrik,https://www.openstreetmap.org/node/6742935414,ownership not recorded; verify,OSM point or point on mapped facility footprint,NANGKAWANGAN,NA,within Malaysia or boundary tolerance,0.13774343621699212,1,C01,480.2197570800781,1.015787124633789,0.12859772810367573,0.28987601510051686,0.046502727002144015,,,,0,TRUE,S097,NANGKAWANGAN,SABAH,116.2429258,4.849354900000001,Candidate for field review; conversion suitability unverified
OSM_way/1375761835,Sekolah Binanun,school,OpenStreetMap / Geofabrik,https://www.openstreetmap.org/way/1375761835,ownership not recorded; verify,OSM point or point on mapped facility footprint,SEKOLAHBINANUN,NA,within Malaysia or boundary tolerance,3.357335272215172,2,C02,493.5442810058594,4.434532165527344,0.03460750553460698,0.14903054176755137,0.05039961158709724,,,,2,TRUE,S097,NANGKAWANGAN,SABAH,116.22328467864538,4.828012632593062,Candidate for field review; conversion suitability unverified
OSM_node/7886107518,SK Ponontomon,school,OpenStreetMap / Geofabrik,https://www.openstreetmap.org/node/7886107518,ownership not recorded; verify,OSM point or point on mapped facility footprint,PONONTOMON,NA,within Malaysia or boundary tolerance,3.9818992841159226,3,C03,461.92779541015625,1.080673098564148,0.23373555656324765,1.3738589832016022,0.06216133855583938,,,,1,TRUE,S097,NANGKAWANGAN,SABAH,116.26510350000001,4.8790910999999975,Candidate for field review; conversion suitability unverified
OSM_node/7886119760,Sekolah Mamagun,school,OpenStreetMap / Geofabrik,https://www.openstreetmap.org/node/7886119760,ownership not recorded; verify,OSM point or point on mapped facility footprint,SEKOLAHMAMAGUN,NA,within Malaysia or boundary tolerance,8.385771263471653,4,C04,563.233154296875,16.751447677612305,0.06135211863975234,1.1842952579300055,0.09181316656613284,,,,1,FALSE,S097,NANGKAWANGAN,SABAH,116.17277960000001,4.876660899999998,Candidate for field review; conversion suitability unverified
OSM_node/7894259131,SK Pohon Batu,school,OpenStreetMap / Geofabrik,https://www.openstreetmap.org/node/7894259131,ownership not recorded; verify,OSM point or point on mapped facility footprint,POHONBATU,NA,within Malaysia or boundary tolerance,8.895951040304999,5,C05,535.23480224609375,2.710721254348755,0.03901830253128614,4.238315867428347,0.09069840426896089,,,,3,FALSE,S097,NANGKAWANGAN,SABAH,116.189841,4.790993099999997,Candidate for field review; conversion suitability unverified
OSM_way/1362008800,Kantor Kecamatan Lumbis Pansiangan,townhall,OpenStreetMap / Geofabrik,https://www.openstreetmap.org/way/1362008800,ownership not recorded; verify,OSM point or point on mapped facility footprint,KANTORKECAMATANLUMBISPANSIANGAN,NA,within Malaysia or boundary tolerance,5.080142160423542,1,C01,106.2401351928711,17.66253662109375,2.7505701739653508,1.5821504929873689,0.05085657734364683,Jalan Poros Mensalong - Tau Lumbis,unpaved,,1,FALSE,S098,BANTUL,SABAH,116.42308318148562,4.301690749996089,Candidate for field review; conversion suitability unverified
OSM_way/541896433,SK Melangkap,school,OpenStreetMap / Geofabrik,https://www.openstreetmap.org/way/541896433,ownership not recorded; verify,OSM point or point on mapped facility footprint,MELANGKAP,NA,within Malaysia or boundary tolerance,2.1440043127232373,1,C01,167.0462646484375,2.102922201156616,0.06245880755622113,2.38939910346488,0.1368292838532627,Jalan Kampung Melangkap,unpaved,,1,TRUE,S099,SONSOGON MUGIS,SABAH,116.78026612038096,6.287745229009227,Candidate for field review; conversion suitability unverified
OSM_way/542438978,SK Marak Parak,school,OpenStreetMap / Geofabrik,https://www.openstreetmap.org/way/542438978,ownership not recorded; verify,OSM point or point on mapped facility footprint,MARAKPARAK,NA,within Malaysia or boundary tolerance,7.7666175079496105,2,C02,138.40457153320313,2.5504448413848877,0.11097677067860101,0.13142478842762798,0.3264972716014963,Jalan Tagibang,asphalt,,1,FALSE,S099,SONSOGON MUGIS,SABAH,116.73754439721485,6.31609773135288,Candidate for field review; conversion suitability unverified
K0359,Klinik Kesihatan Marak Parak,Klinik Kesihatan,Supplied health-facility register,data/kk_list.xlsx#Sheet1!row=2418,health-facility register; confirm property and operating status,supplied register coordinates,MARAKPARAK,NA,within Malaysia or boundary tolerance,7.837714254635559,3,C03,135.6983642578125,2.0507986545562744,0.039735151002671526,0.2720652280754615,0.3774879151617489,Jalan Tagibang,asphalt,,1,FALSE,S099,SONSOGON MUGIS,SABAH,116.73611,6.31528,Candidate for field review; conversion suitability unverified
