fds_id,site_id,state,district,fds_name,fds_latitude,fds_longitude,nearest_nadi_id,nearest_nadi_name,nadi_latitude,nadi_longitude,distance_km,distance_band,nadi_operation_status,coordinate_basis,nearest_open_nadi_name,nearest_open_nadi_km
F001,S001,SARAWAK,SRI AMAN,NANGA BAWI,1.35175,111.873,Q149,Engkilili,1.138464,111.666259,33.02560546981243,red,OPEN,listed coordinates,Engkilili,33.02560546981243
F002,S001,SARAWAK,SRI AMAN,(+ RH. DASU),1.35175,111.873,Q149,Engkilili,1.138464,111.666259,33.02560546981243,red,OPEN,listed coordinates,Engkilili,33.02560546981243
F003,S001,SARAWAK,SRI AMAN,(+ RH. CHENDAN),1.35175,111.873,Q149,Engkilili,1.138464,111.666259,33.02560546981243,red,OPEN,listed coordinates,Engkilili,33.02560546981243
F004,S001,SARAWAK,SRI AMAN,(+ RH. BAKAR),1.35175,111.873,Q149,Engkilili,1.138464,111.666259,33.02560546981243,red,OPEN,listed coordinates,Engkilili,33.02560546981243
F005,S001,SARAWAK,SRI AMAN,(+ RH. LUTA),1.35175,111.873,Q149,Engkilili,1.138464,111.666259,33.02560546981243,red,OPEN,listed coordinates,Engkilili,33.02560546981243
F006,S002,SARAWAK,SRI AMAN,"RH. LIDOM, SG PAYA, MENJUAU",1.56899722222222,111.822083333333,Q93,Paku Penom,1.619842,111.587942,26.63230823609008,red,OPEN,listed coordinates,Paku Penom,26.63230823609008
F007,S003,SARAWAK,SRI AMAN,"RH. RIMONG, BEGANTONG, ULU SKRANG",1.51869444444444,111.792,Q93,Paku Penom,1.619842,111.587942,25.317162857038813,red,OPEN,listed coordinates,Paku Penom,25.317162857038813
F008,S004,SARAWAK,SRI AMAN,"RH. BADA, NG. TALONG, ULU ENGKARI",1.38835833333333,111.9835,Q154,Lubok Antu,1.04125,111.83647,41.91513065932925,red,OPEN,listed coordinates,Lubok Antu,41.91513065932925
F009,S005,SARAWAK,SRI AMAN,"RH. MAMUT, LANGGIR, ULU LINGGA",1.28430555555556,111.161222222222,Q134,Lingga,1.35401,111.168268,7.790267400144805,yellow,OPEN,listed coordinates,Lingga,7.790267400144805
F010,S006,SARAWAK,SRI AMAN,"RH.THOMAS,BANGAI",1.41914722222222,111.869666666667,Q126,Kampung Baru Hulu,1.417356,111.532168,37.51723052450587,red,OPEN,listed coordinates,Kampung Baru Hulu,37.51723052450587
F011,S007,SARAWAK,SRI AMAN,"RH.MUNGGU SAWA,PANTU",1.23119444444444,111.172830555556,Q134,Lingga,1.35401,111.168268,13.665903719666824,red,OPEN,listed coordinates,Lingga,13.665903719666824
F012,S008,SARAWAK,SARIKEI,SK KOTA,1.67161666666667,111.6612,Q93,Paku Penom,1.619842,111.587942,9.972237911755162,yellow,OPEN,listed coordinates,Paku Penom,9.972237911755162
F013,S009,SARAWAK,SARIKEI,RH UMAR,1.80005,111.793716666667,Q77,Pekan Pakan,1.890467,111.67775,16.345889754490287,red,OPEN,listed coordinates,Pekan Pakan,16.345889754490287
F014,S010,SARAWAK,SARIKEI,RH BARAK,1.85821666666667,111.815716666667,Q80,Nanga Meluan,1.86330999999999,111.92876,12.575995823757205,red,OPEN,listed coordinates,Nanga Meluan,12.575995823757205
F015,S011,SARAWAK,SARIKEI,RH TAWIE,1.86088333333333,111.782583333333,Q77,Pekan Pakan,1.890467,111.67775,12.1062040062777,red,OPEN,listed coordinates,Pekan Pakan,12.1062040062777
F016,S012,SARAWAK,SARIKEI,RH BUGIE,1.89611666666667,111.947716666667,Q80,Nanga Meluan,1.86330999999999,111.92876,4.212586365735702,green,OPEN,listed coordinates,Nanga Meluan,4.212586365735702
F017,S013,SARAWAK,SARIKEI,RH ENGGIE,1.60228333333333,111.796166666667,Q93,Paku Penom,1.619842,111.587942,23.22661708023934,red,OPEN,listed coordinates,Paku Penom,23.22661708023934
F018,S014,SARAWAK,SARIKEI,SK JU,1.71046666666667,112.082883333333,Q80,Nanga Meluan,1.86330999999999,111.92876,24.13009938007504,red,OPEN,listed coordinates,Nanga Meluan,24.13009938007504
F019,S015,SARAWAK,SARIKEI,SK JAMBU,1.67063333333333,111.936366666667,Q80,Nanga Meluan,1.86330999999999,111.92876,21.441375176734805,red,OPEN,listed coordinates,Nanga Meluan,21.441375176734805
F020,S016,SARAWAK,SARIKEI,RH KIROH,1.8095,111.858566666667,Q80,Nanga Meluan,1.86330999999999,111.92876,9.831533535963738,yellow,OPEN,listed coordinates,Nanga Meluan,9.831533535963738
F021,S017,SARAWAK,SARIKEI,RH JANTING,1.67596666666667,111.887333333333,Q80,Nanga Meluan,1.86330999999999,111.92876,21.334412412372117,red,OPEN,listed coordinates,Nanga Meluan,21.334412412372117
F022,S018,SARAWAK,SIBU,RH. GAYUT (RH NGILAH),2.29616666666667,112.6,Q73,Song,2.01037,112.552119,32.221470836342704,red,OPEN,listed coordinates,Song,32.221470836342704
F023,S019,SARAWAK,SIBU,NANGA ARAU,2.30819444444444,112.566916666667,Q73,Song,2.01037,112.552119,33.157413247581935,red,OPEN,listed coordinates,Song,33.157413247581935
F024,S019,SARAWAK,SIBU,( + RH BALANG ),2.30819444444444,112.566916666667,Q73,Song,2.01037,112.552119,33.157413247581935,red,OPEN,listed coordinates,Song,33.157413247581935
F025,S019,SARAWAK,SIBU,( + RH SADOM ),2.30819444444444,112.566916666667,Q73,Song,2.01037,112.552119,33.157413247581935,red,OPEN,listed coordinates,Song,33.157413247581935
F026,S020,SARAWAK,SIBU,RH ANSI,2.80586111111111,112.624555555556,Q32,Balingian,2.92915,112.543533,16.39830806905985,red,OPEN,listed coordinates,Balingian,16.39830806905985
F027,S021,SARAWAK,SIBU,RH. ASUN,2.61080555555555,112.426666666667,Q48,Tamin,2.418641,112.210421,32.15045132875966,red,OPEN,listed coordinates,Tamin,32.15045132875966
F028,S022,SARAWAK,SIBU,RH. SELIAU,2.27461111111111,112.429444444444,Q64,Kg Nanga Tada,2.0866,112.3608,22.253863008254005,red,"OPEN AT TEMPORARY LOCATION, 500m distance from NADI (2.0866, 112.3608)",temporary coordinates in operation status,Kg Nanga Tada,22.253863008254005
F029,S022,SARAWAK,SIBU,( + RH PENGUANG ),2.27461111111111,112.429444444444,Q64,Kg Nanga Tada,2.0866,112.3608,22.253863008254005,red,"OPEN AT TEMPORARY LOCATION, 500m distance from NADI (2.0866, 112.3608)",temporary coordinates in operation status,Kg Nanga Tada,22.253863008254005
F030,S022,SARAWAK,SIBU,( + RH SEMUKAU ),2.27461111111111,112.429444444444,Q64,Kg Nanga Tada,2.0866,112.3608,22.253863008254005,red,"OPEN AT TEMPORARY LOCATION, 500m distance from NADI (2.0866, 112.3608)",temporary coordinates in operation status,Kg Nanga Tada,22.253863008254005
F031,S023,SARAWAK,SIBU,RH. KIROH,2.23013888888889,112.210305555555,Q62,Kg Muhibbah,2.11688,112.14974,14.27915044230767,red,OPEN,listed coordinates,Kg Muhibbah,14.27915044230767
F032,S024,SARAWAK,SIBU,RH. ENJAH,2.21183333333333,112.222,Q62,Kg Muhibbah,2.11688,112.14974,13.264505781211641,red,OPEN,listed coordinates,Kg Muhibbah,13.264505781211641
F033,S025,SARAWAK,SIBU,"RH. ENGKAYAU, ULU MACHAN",1.92888888888889,112.071805555556,Q69,Machan,2.017603,112.020504,11.393522474496947,red,OPEN,listed coordinates,Machan,11.393522474496947
F034,S025,SARAWAK,SIBU,( + RH MANILLA ),1.92888888888889,112.071805555556,Q69,Machan,2.017603,112.020504,11.393522474496947,red,OPEN,listed coordinates,Machan,11.393522474496947
F035,S025,SARAWAK,SIBU,( + RH UBONG ),1.92888888888889,112.071805555556,Q69,Machan,2.017603,112.020504,11.393522474496947,red,OPEN,listed coordinates,Machan,11.393522474496947
F036,S026,SARAWAK,SIBU,RH. JANTING,1.89725,112.174666666667,Q65,Rumah Benjamin,2.06721,112.14972,19.100972893757454,red,OPEN,listed coordinates,Rumah Benjamin,19.100972893757454
F037,S026,SARAWAK,SIBU,( + RH TIGONG ),1.89725,112.174666666667,Q65,Rumah Benjamin,2.06721,112.14972,19.100972893757454,red,OPEN,listed coordinates,Rumah Benjamin,19.100972893757454
F038,S026,SARAWAK,SIBU,( + RH ANTAS ),1.89725,112.174666666667,Q65,Rumah Benjamin,2.06721,112.14972,19.100972893757454,red,OPEN,listed coordinates,Rumah Benjamin,19.100972893757454
F039,S027,SARAWAK,SIBU,RH. UNJAU POI,1.90208333333333,112.227111111111,Q65,Rumah Benjamin,2.06721,112.14972,20.275661422196666,red,OPEN,listed coordinates,Rumah Benjamin,20.275661422196666
F040,S028,SARAWAK,SIBU,"RH. JARAU, JAGAU",1.84358333333333,112.284805555556,Q74,Nanga Ngungun,1.988989,112.400101,20.629905839223277,red,OPEN,listed coordinates,Nanga Ngungun,20.629905839223277
F041,S028,SARAWAK,SIBU,( + RH SALANG ),1.84358333333333,112.284805555556,Q74,Nanga Ngungun,1.988989,112.400101,20.629905839223277,red,OPEN,listed coordinates,Nanga Ngungun,20.629905839223277
F042,S028,SARAWAK,SIBU,( + RH MANGGAL ),1.84358333333333,112.284805555556,Q74,Nanga Ngungun,1.988989,112.400101,20.629905839223277,red,OPEN,listed coordinates,Nanga Ngungun,20.629905839223277
F043,S029,SARAWAK,KAPIT,"RH. NUGA, SG. SEMUNJAN",2.054018,112.813026,Q71,Pekan Kapit,2.015658,112.937752999999,14.501776807213043,red,OPEN,listed coordinates,Pekan Kapit,14.501776807213043
F044,S030,SARAWAK,KAPIT,"RH. MANILA, SG. SEMUNJAN",2.061833,112.825158,Q71,Pekan Kapit,2.015658,112.937752999999,13.524597169962327,red,OPEN,listed coordinates,Pekan Kapit,13.524597169962327
F045,S031,SARAWAK,KAPIT,"RH. LIUN, IBAU",2.070742,112.715335,Q73,Song,2.01037,112.552119,19.339786362315472,red,OPEN,listed coordinates,Song,19.339786362315472
F046,S032,SARAWAK,KAPIT,"RH. MESSOP, IBAU",2.052336,112.68931,Q73,Song,2.01037,112.552119,15.943557791401016,red,OPEN,listed coordinates,Song,15.943557791401016
F047,S033,SARAWAK,KAPIT,"RH. BERANGAN, SG IRAN PELAGUS",2.255626,112.971941,Q71,Pekan Kapit,2.015658,112.937752999999,26.95233363280323,red,OPEN,listed coordinates,Pekan Kapit,26.95233363280323
F048,S034,SARAWAK,KAPIT,"RH. SARI, SG IRAN SONG",2.084565,112.437233,Q64,Kg Nanga Tada,2.0866,112.3608,8.496359099739024,yellow,"OPEN AT TEMPORARY LOCATION, 500m distance from NADI (2.0866, 112.3608)",temporary coordinates in operation status,Kg Nanga Tada,8.496359099739024
F049,S035,SARAWAK,KAPIT,RH. AJAN LONG SINGUT,1.57292368,114.4209056,Q66,Pekan Tunoh,2.0479,113.672759,98.50429851557324,red,OPEN,listed coordinates,Pekan Tunoh,98.50429851557324
F050,S036,SARAWAK,KAPIT,"RH. ACHAU, SG JANAN TEKALIT",1.909314,112.784375,Q76,Sungai Pelajau,1.96916,112.92012,16.488080047847742,red,OPEN,listed coordinates,Sungai Pelajau,16.488080047847742
F051,S037,SARAWAK,KAPIT,"RH. LAYANG, SG AYAT BANGKIT",1.957821,113.301567,Q72,Sungai Melekun,2.0126,113.0225,31.604782810422286,red,OPEN,listed coordinates,Sungai Melekun,31.604782810422286
F052,S038,SARAWAK,KAPIT,"RH. AI ANAK JALIN, SG. ENTAWAU, BENA, BALLEH",1.891256,113.188507,Q72,Sungai Melekun,2.0126,113.0225,22.856127550544414,red,OPEN,listed coordinates,Sungai Melekun,22.856127550544414
F053,S039,SARAWAK,BINTULU,LONG BIYAK,2.65922,113.49887,Q43,Pekan Belaga,2.705406,113.782731,31.944891561204056,red,OPEN,listed coordinates,Pekan Belaga,31.944891561204056
F054,S040,SARAWAK,BINTULU,"RH. DRICK, JELALONG, TUBAU",3.204794,113.854429,Q31,Sungai Asap,3.054613,113.928508,18.615026474882818,red,OPEN,listed coordinates,Sungai Asap,18.615026474882818
F055,S041,SARAWAK,BINTULU,"RH. AMIT, TUBAU /FELIX",3.328191,113.90983,Q31,Sungai Asap,3.054613,113.928508,30.49112980460859,red,OPEN,listed coordinates,Sungai Asap,30.49112980460859
F056,S042,SARAWAK,BINTULU,"RH. ROBERT, KAKUS",2.639007,113.337046,Q43,Pekan Belaga,2.705406,113.782731,50.05165203006053,red,OPEN,listed coordinates,Pekan Belaga,50.05165203006053
F057,S043,SARAWAK,BINTULU,"RH RENANG, SIGU",2.97397,113.59586,Q43,Pekan Belaga,2.705406,113.782731,36.36634379049592,red,OPEN,listed coordinates,Pekan Belaga,36.36634379049592
F058,S044,SARAWAK,BINTULU,"RH JALING, SIGU",2.98425,113.59731,Q43,Pekan Belaga,2.705406,113.782731,37.22133166727187,red,OPEN,listed coordinates,Pekan Belaga,37.22133166727187
F059,S045,SARAWAK,BINTULU,LONG UNAI,1.99581172,114.7146545,Q66,Pekan Tunoh,2.0479,113.672759,115.92632454212352,red,OPEN,listed coordinates,Pekan Tunoh,115.92632454212352
F060,S046,SARAWAK,BINTULU,SANG ANAU,2.1531869,114.0202895,Q66,Pekan Tunoh,2.0479,113.672759,40.35332666417004,red,OPEN,listed coordinates,Pekan Tunoh,40.35332666417004
F061,S047,SARAWAK,BINTULU,BATU KELING,2.2233485,113.9234332,Q66,Pekan Tunoh,2.0479,113.672759,34.00687613528114,red,OPEN,listed coordinates,Pekan Tunoh,34.00687613528114
F062,S048,SARAWAK,BINTULU,LONG JAWE,2.25843251,112.8999907,Q71,Pekan Kapit,2.015658,112.937752999999,27.319500168369853,red,OPEN,listed coordinates,Pekan Kapit,27.319500168369853
F063,S049,SARAWAK,BINTULU,LONG KEBUHO,2.3517868,111.6217804,Q53,Bawang Assan,2.31546,111.67942,7.571440493988751,yellow,OPEN,listed coordinates,Bawang Assan,7.571440493988751
F064,S050,SARAWAK,BINTULU,LONG TANYIT,2.373173,114.5547487,Q43,Pekan Belaga,2.705406,113.782731,93.37863099565017,red,OPEN,listed coordinates,Pekan Belaga,93.37863099565017
F065,S051,SARAWAK,BINTULU,PUNAN BUSANG,2.4426794,113.6160225,Q43,Pekan Belaga,2.705406,113.782731,34.58880634267023,red,OPEN,listed coordinates,Pekan Belaga,34.58880634267023
F066,S052,SARAWAK,BINTULU,LUSONG LAKU,2.4686599,114.244719,Q43,Pekan Belaga,2.705406,113.782731,57.676555485505574,red,OPEN,listed coordinates,Pekan Belaga,57.676555485505574
F067,S053,SARAWAK,BINTULU,LONG KAJANG,2.3748521,114.513815,Q43,Pekan Belaga,2.705406,113.782731,89.143412131243565,red,OPEN,listed coordinates,Pekan Belaga,89.143412131243565
F068,S054,SARAWAK,BINTULU,LONG ABIT,2.4019683,114.4413757,Q43,Pekan Belaga,2.705406,113.782731,80.57042723905818,red,OPEN,listed coordinates,Pekan Belaga,80.57042723905818
F069,S055,SARAWAK,MIRI,PA' TIK,3.72453,115.28142,Q21,Bario,3.73976,115.46488,20.426911556742763,red,OPEN,listed coordinates,Bario,20.426911556742763
F070,S056,SARAWAK,MIRI,LONG SABAI,3.47322,115.24191,Q25,Long Banga (Long Beruang),3.203576,115.393507,34.382769828360125,red,UNDER RELOCATION,listed coordinates,Bario,38.609268037501046
F071,S057,SARAWAK,MIRI,LONG KELIAN,3.40666,115.07121,Q25,Long Banga (Long Beruang),3.203576,115.393507,42.30868926328104,red,UNDER RELOCATION,listed coordinates,Long Bedian,57.23558407153091
F072,S058,SARAWAK,MIRI,TANJONG DURIAN,3.58402,114.811,Q19,Long Bedian,3.793308,114.730756,24.91710977561635,red,OPEN,listed coordinates,Long Bedian,24.91710977561635
F073,S059,SARAWAK,MIRI,LONG SAIT,3.30537,115.19279,Q25,Long Banga (Long Beruang),3.203576,115.393507,24.99280992680047,red,UNDER RELOCATION,listed coordinates,Bario,56.96487184139308
F074,S060,SARAWAK,MIRI,RAMUDU,3.54188,115.55391,Q21,Bario,3.73976,115.46488,24.119564363412923,red,OPEN,listed coordinates,Bario,24.119564363412923
F075,S061,SARAWAK,MIRI,BA' AJENG,3.17698,115.0128,Q25,Long Banga (Long Beruang),3.203576,115.393507,42.37047971943188,red,UNDER RELOCATION,listed coordinates,Long Bedian,75.34354611062841
F076,S062,SARAWAK,MIRI,BA' LAMAM,3.20223,115.01969,Q25,Long Banga (Long Beruang),3.203576,115.393507,41.5019590044479,red,UNDER RELOCATION,listed coordinates,Long Bedian,73.13092865892806
F077,S063,SARAWAK,MIRI,LONG LAMAI,3.172,115.38608,Q25,Long Banga (Long Beruang),3.203576,115.393507,3.6066204856598136,green,UNDER RELOCATION,listed coordinates,Bario,63.73509239165346
F078,S064,SARAWAK,MIRI,LONG KERONG,3.28565,115.2129,Q25,Long Banga (Long Beruang),3.203576,115.393507,22.029692047696006,red,UNDER RELOCATION,listed coordinates,Bario,57.72205297826321
F079,S065,SARAWAK,MIRI,BA' PURAU,2.77181,114.94236,Q25,Long Banga (Long Beruang),3.203576,115.393507,69.38802352123277,red,UNDER RELOCATION,listed coordinates,Long Bedian,115.98914528748321
F080,S066,SARAWAK,MIRI,LONG PALAI,3.04275,114.85093,Q25,Long Banga (Long Beruang),3.203576,115.393507,62.840556799885405,red,UNDER RELOCATION,listed coordinates,Long Bedian,84.51760790313318
F081,S067,SARAWAK,MIRI,LONG TEBANGAN,3.36562,114.90118,Q19,Long Bedian,3.793308,114.730756,51.179714331098495,red,OPEN,listed coordinates,Long Bedian,51.179714331098495
F082,S068,SARAWAK,MIRI,BA' ABANG,3.38636,114.85163,Q19,Long Bedian,3.793308,114.730756,47.19702979883827,red,OPEN,listed coordinates,Long Bedian,47.19702979883827
F083,S069,SARAWAK,MIRI,BA' ITAM,3.46559,114.76565,Q19,Long Bedian,3.793308,114.730756,36.64579537290263,red,OPEN,listed coordinates,Long Bedian,36.64579537290263
F084,S070,SARAWAK,MIRI,LONG LIAU,3.13207,114.44014,Q31,Sungai Asap,3.054613,113.928508,57.45727339940664,red,OPEN,listed coordinates,Sungai Asap,57.45727339940664
F085,S071,SARAWAK,MIRI,LONG BUKEN,3.19891,114.42315,Q31,Sungai Asap,3.054613,113.928508,57.21571550575472,red,OPEN,listed coordinates,Sungai Asap,57.21571550575472
F086,S072,SARAWAK,MIRI,LONG BALAU,4.03713,115.10135,Q19,Long Bedian,3.793308,114.730756,49.24682314526072,red,OPEN,listed coordinates,Long Bedian,49.24682314526072
F087,S073,SARAWAK,MIRI,PA LUNGAN,3.81003,115.52229,Q21,Bario,3.73976,115.46488,10.081106683928432,red,OPEN,listed coordinates,Bario,10.081106683928432
F088,S074,SARAWAK,MIRI,LONG LUBANG,3.69563,115.27865,Q21,Bario,3.73976,115.46488,21.23892111717638,red,OPEN,listed coordinates,Bario,21.23892111717638
F089,S075,SARAWAK,MIRI,BA' PAKAN,3.5524,114.88093,Q19,Long Bedian,3.793308,114.730756,31.548132429655865,red,OPEN,listed coordinates,Long Bedian,31.548132429655865
F090,S076,SARAWAK,MIRI,LONG KAWI,3.46042,114.7445,Q19,Long Bedian,3.793308,114.730756,37.046924048569764,red,OPEN,listed coordinates,Long Bedian,37.046924048569764
F091,S077,SARAWAK,MIRI,MANDAMOT,3.77819,115.29253,Q21,Bario,3.73976,115.46488,19.594872210541677,red,OPEN,listed coordinates,Bario,19.594872210541677
F092,S078,SARAWAK,MIRI,LONG SERIDAN,3.9776,115.06846,Q19,Long Bedian,3.793308,114.730756,42.70294045502963,red,OPEN,listed coordinates,Long Bedian,42.70294045502963
F093,S079,SARAWAK,MIRI,BA LAI,3.32322,115.33517,Q25,Long Banga (Long Beruang),3.203576,115.393507,14.796413632339133,red,UNDER RELOCATION,listed coordinates,Bario,48.50278115190442
F094,S080,SARAWAK,MIRI,LONG BANGA,3.20344,115.40151,Q25,Long Banga (Long Beruang),3.203576,115.393507,0.8886324815568323,green,UNDER RELOCATION,listed coordinates,Bario,60.0494877537136
F095,S081,SARAWAK,MIRI,APAU NYARING,3.06238,114.51657,Q31,Sungai Asap,3.054613,113.928508,65.30218190720201,red,OPEN,listed coordinates,Sungai Asap,65.30218190720201
F096,S082,SARAWAK,MIRI,LONG DANO,3.59398,115.52839,Q21,Bario,3.73976,115.46488,17.675764421159325,red,OPEN,listed coordinates,Bario,17.675764421159325
F097,S083,SARAWAK,TELANG USAN,DATA BILA (PENAN),3.323525,115.084994,Q25,Long Banga (Long Beruang),3.203576,115.393507,36.7549058727229,red,UNDER RELOCATION,listed coordinates,Bario,62.60755277751546
F098,S084,SARAWAK,LIMBANG,PA' BERUNUT,4.201865,115.455342,Q16,Ba’kelalan,3.9856,115.6233,30.41885025734051,red,OPEN,listed coordinates,Ba’kelalan,30.41885025734051
F099,S085,SARAWAK,LIMBANG,SG. ADANG,4.075249,115.31791,Q16,Ba’kelalan,3.9856,115.6233,35.31022136353593,red,OPEN,listed coordinates,Ba’kelalan,35.31022136353593
F100,S086,SABAH,KOTA MARUDU,SONSONGAN MAKATOL,6.4209,116.7727,S13,Kampung Ranau,6.50598,116.7476,9.858581063742784,yellow,OPEN,listed coordinates,Kampung Ranau,9.858581063742784
F101,S087,SABAH,NABAWAN,PANGARAAN,4.734,116.22106,S110,Kampung Lotong,4.71429,116.4496,25.420848816311818,red,OPEN,listed coordinates,Kampung Lotong,25.420848816311818
F102,S088,SABAH,PENAMPANG,BUAYAN,5.9,116.3,S48,Pekan Babagon,5.90378,116.18576,12.642584424054006,red,OPEN,listed coordinates,Pekan Babagon,12.642584424054006
F103,S089,SABAH,PENAMPANG,KALANGGAAN,5.95,116.28,S48,Pekan Babagon,5.90378,116.18576,11.621228707679675,red,OPEN,listed coordinates,Pekan Babagon,11.621228707679675
F104,S090,SABAH,PENAMPANG,LONGKOGUNGON,5.7875788,116.2886155,S63,Kg. Toboh,5.70326,116.39063,14.67283329725111,red,OPEN,listed coordinates,Kg. Toboh,14.67283329725111
F105,S091,SABAH,PENSIANGAN,KARAMPALON,4.52575,116.24919,S110,Kampung Lotong,4.71429,116.4496,30.543430901134222,red,OPEN,listed coordinates,Kampung Lotong,30.543430901134222
F106,S092,SABAH,RANAU,PANULONGON,5.93,116.53,S33,Kampung Mesilou,6.01308,116.59725,11.859831813540975,red,OPEN,listed coordinates,Kampung Mesilou,11.859831813540975
F107,S093,SABAH,PENSIANGAN,SALILIRAN,4.4043414,116.2214242,S110,Kampung Lotong,4.71429,116.4496,42.749161082858244,red,OPEN,listed coordinates,Kampung Lotong,42.749161082858244
F108,S094,SABAH,PENSIANGAN,KABU,4.359619,116.144915,S110,Kampung Lotong,4.71429,116.4496,51.92267095921307,red,OPEN,listed coordinates,Kampung Lotong,51.92267095921307
F109,S095,SABAH,NABAWAN,POHON BATU,4.7903,116.18864,S110,Kampung Lotong,4.71429,116.4496,30.12755381334944,red,OPEN,listed coordinates,Kampung Lotong,30.12755381334944
F110,S096,SABAH,NABAWAN,BINANON,4.82797,116.22329,S110,Kampung Lotong,4.71429,116.4496,28.08309647570561,red,OPEN,listed coordinates,Kampung Lotong,28.08309647570561
F111,S097,SABAH,NABAWAN,NANGKAWANGAN,4.8503231,116.2437013,S110,Kampung Lotong,4.71429,116.4496,27.374010331047092,red,OPEN,listed coordinates,Kampung Lotong,27.374010331047092
F112,S098,SABAH,NABAWAN,BANTUL,4.34677,116.43053,S110,Kampung Lotong,4.71429,116.4496,40.92105797336454,red,OPEN,listed coordinates,Kampung Lotong,40.92105797336454
F113,S099,SABAH,KOTA MARUDU,SONSOGON MUGIS,6.2732,116.793,S26,Kampung Desa Aman,6.11293,116.86051,19.320778113937447,red,UNDER RELOCATION,listed coordinates,Kampung Ranau,26.365706259446046
